first_name,last_name,gender,date,id,remHolidays,reqHolidays
Lacee,Kellart,Female,1984-02-15,1,284,350
Arty,Marjot,Male,1930-01-24,2,326,106
Kathi,Cordeau,Female,1978-07-24,3,306,261
Rupert,Jepps,Male,1983-07-19,4,184,218
Patton,Isenor,Male,1947-05-08,5,76,198
Gamaliel,Gayler,Male,1960-06-24,6,74,240
Harald,Blazewicz,Male,1953-12-07,7,39,110
Jacobo,Heel,Male,1927-02-03,8,212,100
Carr,Featherston,Male,1929-01-06,9,183,127
Terri-jo,Bartels-Ellis,Female,1978-03-12,10,76,303
Vivienne,Paliser,Female,1995-07-20,11,194,7
Porty,Blaza,Male,1989-03-24,12,348,60
Nicolea,Bickle,Female,1924-01-09,13,89,44
Natty,Aguirrezabala,Female,1972-05-13,14,236,266
Grover,Abramovici,Male,1959-06-29,15,209,324
Georgeanne,Trever,Female,1947-08-30,16,94,226
Martha,Scocroft,Female,1959-06-28,17,136,332
Burtie,Ellens,Male,1987-11-25,18,285,161
Beulah,Bottinelli,Female,1922-05-01,19,75,234
Sullivan,Sealove,Male,1923-05-17,20,329,353
Dewey,Wolledge,Male,1996-05-17,21,239,45
Hans,Seakings,Male,1998-10-19,22,184,54
Harry,Seson,Male,1965-12-13,23,194,293
Dorine,Dat,Female,1973-12-29,24,280,269
Joshia,Guihen,Male,1983-04-08,25,339,250
Lynett,Hendrickson,Female,1989-04-05,26,285,247
Sawyer,Barnewille,Male,1978-06-18,27,114,135
Hallsy,Lindenman,Male,1982-07-12,28,117,175
Jobi,Conley,Female,1977-07-27,29,83,185
Adey,Turri,Female,1981-07-14,30,81,254
Wilfred,Liptrod,Male,1965-04-17,31,282,71
Deb,Willden,Female,1973-04-09,32,297,41
Aube,Jullian,Male,1949-04-24,33,191,329
Cal,Johannes,Female,1966-12-16,34,33,152
Angil,Banbrick,Female,1923-06-01,35,81,239
Helena,Sperry,Female,1950-12-12,36,7,133
North,McLanachan,Male,1933-12-19,37,163,354
Vasili,Raisher,Male,1962-08-20,38,80,248
Lauri,Cast,Female,1954-11-21,39,165,9
Shep,Le Provost,Male,2002-02-07,40,311,266
Averil,Brixey,Female,1943-03-08,41,258,193
Valentin,Langmaid,Male,1978-03-04,42,132,179
Andreana,Ratter,Female,1983-09-20,43,202,245
Aldus,Beggs,Male,1964-06-27,44,103,272
Kimberly,Jacmar,Female,1934-12-10,45,45,172
Meredeth,Whalebelly,Male,1985-10-10,46,210,225
Odie,Cranstone,Male,1995-04-18,47,268,70
Tiphani,Kilgannon,Female,1945-08-02,48,179,115
Robers,Ruckledge,Male,1977-07-17,49,153,211
Kassia,Pont,Female,1974-06-04,50,315,193
Elle,Whybray,Female,1935-12-21,51,280,284
Alyosha,Wingeatt,Male,1930-02-23,52,13,37
Hewet,Aujean,Male,1942-09-14,53,80,258
Baxter,Attard,Male,1951-05-11,54,192,240
Shannen,Aleksic,Female,1981-09-26,55,248,126
Randolph,Leindecker,Male,1962-10-20,56,316,261
Jamima,Debling,Female,1930-08-08,57,31,190
Hillie,Arnault,Male,1956-03-01,58,150,158
Michele,Donaghie,Male,1990-07-28,59,100,179
Sarajane,Szach,Female,1974-05-06,60,205,49
Nettie,Boxe,Female,1987-12-05,61,328,23
Edithe,Heyfield,Female,1955-05-26,62,273,200
Brier,Kobieriecki,Female,2002-06-27,63,275,180
Rockey,Bromehead,Male,1949-02-27,64,280,75
Pepe,Jahndel,Male,1988-12-10,65,60,203
Duff,Mahomet,Male,1922-02-18,66,306,99
Nedda,Lamkin,Female,1935-10-24,67,309,291
Karyn,Stillert,Female,1942-11-28,68,154,3
Laurene,Firmager,Female,1965-02-04,69,321,231
Aprilette,Sibary,Female,1946-09-11,70,242,40
Wainwright,Pimblett,Male,1941-05-12,71,318,171
Marcos,Bolgar,Male,1982-09-19,72,328,67
Euphemia,Knotte,Female,1991-10-20,73,0,57
Ancell,Roberts,Male,1955-12-02,74,342,164
Karisa,Eggar,Female,1949-11-16,75,56,311
Elvin,Manwell,Male,1955-03-02,76,36,329
Brunhilde,Connichie,Female,1969-04-05,77,139,214
Rozina,Vale,Female,1963-05-08,78,170,349
Yetta,Bortoloni,Female,1980-04-11,79,239,94
Addia,McGregor,Female,1943-12-24,80,317,87
Ray,Adin,Female,1931-02-23,81,283,259
Bryon,Ollier,Male,1962-03-25,82,85,17
Mirella,Brimley,Female,1954-03-19,83,334,260
Davin,Plummer,Male,1998-08-29,84,8,55
Ilse,Crafts,Female,1987-01-10,85,267,311
George,Ayton,Female,1949-12-16,86,76,176
Durand,Paulillo,Male,1969-04-09,87,316,0
Madlin,Mowne,Female,1983-07-10,88,143,365
Annadiane,Lievesley,Female,1950-02-17,89,91,317
Trude,Kerne,Female,1965-12-23,90,44,259
Pooh,Smallman,Male,1977-04-09,91,2,358
Flinn,Gard,Male,1992-09-13,92,249,350
Piotr,Lunbech,Male,1995-12-08,93,180,151
Sonny,Earwicker,Female,1938-05-28,94,212,103
Marchall,Matuskiewicz,Male,1927-10-11,95,290,349
Julianne,Frayling,Female,1972-12-20,96,166,197
Dwayne,Petriello,Male,1922-06-19,97,40,32
Panchito,Menier,Male,1926-04-22,98,223,33
Christian,Burdon,Female,1933-08-06,99,57,33
Teressa,Guy,Female,1983-07-28,100,334,165
Leda,Ivanenkov,Female,1924-06-29,101,86,228
Donia,Algore,Female,1957-03-15,102,100,264
Yevette,Winkless,Female,1936-05-13,103,231,169
Vicky,Baxill,Female,1925-12-02,104,3,305
Pamelina,Shaplin,Female,1987-07-02,105,86,86
Sarge,Sugg,Male,1974-05-31,106,175,20
Stafani,Gewer,Female,1931-06-26,107,143,251
Quint,Stoeck,Male,1957-03-23,108,293,321
Jonell,Cannicott,Female,1986-06-06,109,127,91
Lauren,Giraudy,Male,1995-05-19,110,173,78
Kelbee,Janca,Male,1935-07-31,111,143,20
Persis,Davies,Female,1977-05-15,112,283,257
Althea,Semkins,Female,1972-04-08,113,250,253
Frayda,Callacher,Female,1933-10-04,114,211,304
Shayna,Smythin,Female,1949-10-22,115,208,328
Katharina,Osman,Female,1960-12-25,116,214,252
Johann,Cobbold,Male,1956-11-12,117,362,203
Melisse,Harhoff,Female,1947-09-12,118,332,310
Raquela,Struijs,Female,1979-10-29,119,110,339
Audry,McJury,Female,1971-04-06,120,126,195
Normie,Mottinelli,Male,1971-03-04,121,111,110
Davida,Pietz,Female,1926-02-28,122,286,216
Malchy,Van der Spohr,Male,1983-04-06,123,5,247
Dana,Mixworthy,Female,1930-08-10,124,25,81
Constantia,Skeleton,Female,1983-03-03,125,291,124
Sunny,Blanden,Female,1928-12-15,126,209,327
Babette,Trevillion,Female,1958-10-15,127,258,228
Nicolette,Pilmoor,Female,1988-10-31,128,335,170
Abagail,Eakeley,Female,1965-02-17,129,343,338
Efrem,Gilliam,Male,1998-10-30,130,118,9
Alvin,Wiltshire,Male,1932-07-26,131,244,154
Sylas,Shouler,Male,1962-12-07,132,344,218
Andrea,Whitney,Female,1960-03-21,133,108,121
Corny,Hambright,Female,1956-02-09,134,168,238
Gavan,Smithyman,Male,1981-01-22,135,9,256
Isabelle,Champniss,Female,1968-01-04,136,184,265
Obie,Shapira,Male,1960-08-01,137,301,123
Galen,Petche,Male,1936-02-06,138,74,126
Maribel,Klais,Female,1971-11-20,139,119,147
Wilfred,Galvan,Male,1985-08-12,140,356,3
Jillayne,Sarten,Female,1972-12-24,141,280,121
Selma,Burdas,Female,1985-03-01,142,138,34
Gibb,Mc Dermid,Male,1999-04-13,143,268,165
Nike,Peckitt,Female,1950-01-24,144,35,363
Persis,Addlestone,Female,1953-05-08,145,147,81
Helen,Whardley,Female,1975-11-30,146,79,105
Emlyn,Watting,Male,1958-03-03,147,127,332
Shelagh,Yoxall,Female,1959-09-29,148,49,157
Say,Mebius,Male,1983-03-21,149,283,212
Schuyler,McMinn,Male,1948-05-28,150,110,210
Aloysia,Newbery,Female,1982-10-27,151,242,111
Fannie,Aylmore,Female,1921-02-02,152,277,23
Parry,Baiden,Male,1994-10-24,153,29,330
Deeann,Cockle,Female,1987-06-27,154,303,138
Denyse,Oldershaw,Female,1951-06-02,155,291,9
Delmor,Easbie,Male,1999-12-11,156,66,6
Kenny,Fahrenbacher,Male,1952-09-10,157,257,189
Ozzy,Kilkenny,Male,1934-08-21,158,27,18
Rozalin,Siebart,Female,1939-02-18,159,77,97
Gaelan,Langeley,Male,1979-01-03,160,53,200
Janelle,Peddel,Female,2001-10-04,161,100,225
Sven,Akess,Male,1968-07-13,162,70,198
Berri,Maunders,Female,1976-05-17,163,253,1
Gus,Macak,Female,1963-11-09,164,138,54
Larisa,Farndale,Female,1966-08-05,165,261,180
Cornie,Wareham,Female,1927-02-08,166,164,293
Sheppard,Madgwick,Male,1975-01-06,167,108,291
Juana,Tenaunt,Female,2002-01-15,168,337,261
Fraze,Noni,Male,1961-12-12,169,182,15
Benita,Lilburn,Female,1985-05-13,170,103,292
Jarib,Praten,Male,1990-06-06,171,266,220
Neil,Adam,Male,1960-02-19,172,350,303
Kamila,Turbard,Female,1990-02-18,173,190,314
Igor,Prott,Male,1988-01-17,174,183,142
Gretchen,McBratney,Female,1935-07-09,175,272,293
Mikol,Moreinu,Male,1998-11-12,176,167,78
Natale,Domonkos,Male,1940-06-27,177,362,133
Elbert,Dhillon,Male,1951-11-05,178,99,335
Amos,Cheeney,Male,1931-08-25,179,217,140
Corrine,Risbie,Female,1979-06-25,180,37,313
Ronnie,Leathley,Male,1969-07-13,181,117,118
Roanna,Munnis,Female,1991-06-17,182,153,52
Tammi,Lanahan,Female,1945-12-10,183,155,24
Osmund,O'Geneay,Male,2002-09-11,184,291,307
Sergei,Craddock,Male,1978-06-10,185,127,322
Madeleine,Landre,Female,1986-05-15,186,276,285
Henriette,Flitcroft,Female,1985-12-23,187,126,312
Patrizia,Fleisch,Female,1980-11-04,188,191,290
Chicky,Bryceson,Female,1988-07-16,189,178,74
Wendeline,Leppington,Female,1997-10-01,190,152,79
Keely,Normadell,Female,1942-08-18,191,255,1
Kari,Denmead,Female,1987-04-12,192,244,245
Allianora,Lautie,Female,1965-08-05,193,137,255
Judah,Crisall,Male,1943-09-18,194,181,30
Costanza,Gonoude,Female,1945-07-10,195,210,282
Shelli,Bannell,Female,1954-07-28,196,156,323
Karleen,Attwoul,Female,1996-05-09,197,147,272
Tann,Yeaman,Male,1968-06-06,198,249,202
Keith,Rillett,Male,1979-11-26,199,56,215
Gilburt,Hartnell,Male,1933-04-09,200,194,361
Phoebe,Sears,Female,1928-07-22,201,317,45
Dominga,Pymm,Female,2001-10-13,202,32,147
Kristian,Blastock,Male,1980-07-30,203,92,278
Nikolos,Sendley,Male,1949-03-02,204,292,56
Chrisy,De Fries,Male,1937-06-22,205,223,217
Alain,Cleland,Male,1937-07-05,206,81,345
Bogart,O'Gaven,Male,1944-01-19,207,161,110
Marrilee,Croall,Female,1978-03-06,208,21,233
Trudy,Asplin,Female,1931-05-05,209,144,14
Jae,Bourke,Male,1948-02-03,210,349,82
Pernell,Smeeton,Male,1955-03-08,211,56,193
Delmar,Jozwik,Male,1952-07-12,212,272,154
Ermengarde,Beaumont,Female,1983-04-10,213,203,200
Giffy,D'Ruel,Male,1934-08-04,214,58,55
Steven,Muat,Male,1982-09-09,215,326,267
Felipe,Seeking,Male,1999-02-02,216,110,124
Klarika,Rustadge,Female,1932-12-20,217,211,343
Allyn,Juza,Female,1978-02-21,218,132,128
Ellie,Dunk,Female,1973-03-15,219,291,274
Pincus,Weiser,Male,1979-10-19,220,96,114
Rosemary,Tilzey,Female,1989-03-21,221,97,211
Taryn,Kollas,Female,2001-09-15,222,71,167
Leeland,Ponsford,Male,1950-02-27,223,50,208
Cirstoforo,Maccaddie,Male,1968-07-30,224,355,12
Alvy,Limmer,Male,1952-12-03,225,32,46
Darby,Letherbury,Female,1973-09-11,226,361,102
Mabel,Rowswell,Female,1971-06-04,227,90,298
Tracy,Paradin,Male,1996-10-17,228,249,342
Thaxter,Dove,Male,1945-08-31,229,281,357
Sven,Skill,Male,1945-02-07,230,61,89
Austine,Kilmister,Female,1965-03-03,231,89,295
Barty,Filoniere,Male,1931-05-25,232,266,165
Dennie,Fowells,Female,1943-11-03,233,296,243
Silvana,Tirrell,Female,1948-06-12,234,77,154
Gifford,Fanti,Male,1983-09-05,235,39,342
Alley,O'Brollachain,Male,1990-10-09,236,31,190
Malcolm,Bampton,Male,2000-03-07,237,206,12
Misty,Dobson,Female,1965-12-27,238,198,162
Cahra,Hugues,Female,1951-05-24,239,110,14
Dory,Hammon,Female,1941-10-31,240,265,137
Anson,Lyfe,Male,1940-01-14,241,109,364
Davidde,Dozdill,Male,1929-09-09,242,254,309
Janey,Pumphreys,Female,1960-02-02,243,92,3
Merle,Koenen,Female,1960-11-27,244,153,352
Donelle,Lamminam,Female,1977-08-07,245,219,80
Andrey,Handling,Male,1933-07-21,246,88,101
Wye,Couche,Male,1961-11-19,247,71,31
Ricki,Kindleside,Female,1997-04-01,248,67,211
Erik,McCrow,Male,1983-05-06,249,340,322
Jens,Coleborn,Male,1967-07-28,250,70,64
Way,Srawley,Male,1921-03-14,251,365,363
Florance,Oscroft,Female,1938-06-14,252,180,296
Sibley,Grasser,Female,1979-08-25,253,113,278
Jocelyne,Poone,Female,1983-12-04,254,274,74
Prudence,Burnhams,Female,1955-09-21,255,272,339
Parnell,Connock,Male,1998-10-27,256,85,71
Stanwood,Norley,Male,1998-01-18,257,95,233
Redd,Beek,Male,1925-06-30,258,153,309
Randell,Molfino,Male,1936-07-07,259,182,108
Fergus,Jemmison,Male,1988-12-19,260,235,147
Latashia,Diegan,Female,1936-07-16,261,247,25
Tris,Gianulli,Male,1925-11-23,262,134,346
Fields,Pennock,Male,1968-01-20,263,355,12
Brandie,de Zamora,Female,1962-11-23,264,15,10
Lilias,Tredgold,Female,1929-02-20,265,328,83
Carrol,Deveril,Male,1984-10-09,266,73,67
Noach,Bannerman,Male,1969-04-26,267,115,91
Blake,Challicombe,Female,1953-04-07,268,259,22
Farlie,Hainge,Male,1979-11-21,269,2,286
Abbe,Jaquin,Male,1981-03-01,270,103,139
Emelyne,MacKay,Female,1939-06-17,271,101,263
Sansone,Godly,Male,2000-02-29,272,210,144
Rochella,Birnie,Female,1977-05-27,273,87,67
Lettie,Dunridge,Female,1926-06-02,274,2,290
Katie,Gussie,Female,1992-12-09,275,218,74
Gratiana,Pitway,Female,1946-10-01,276,249,146
Sibbie,Storek,Female,1971-11-30,277,152,44
Terese,Stollenbecker,Female,1992-10-11,278,282,328
Dorolice,Fortin,Female,1974-08-24,279,231,103
Margaret,Teggart,Female,1991-10-18,280,114,321
Patti,Connolly,Female,1963-05-04,281,96,227
Waneta,Yallowley,Female,1936-11-19,282,0,63
Osmond,Tuite,Male,1981-06-24,283,148,252
Faydra,Cargenven,Female,1950-07-08,284,94,303
Xymenes,Waker,Male,1949-04-28,285,95,297
Essy,Philler,Female,1986-11-21,286,344,190
Nye,Kopke,Male,1934-06-06,287,6,342
Shell,McClure,Male,1934-06-10,288,286,5
Elita,Fleetwood,Female,1972-07-11,289,339,12
Jordon,Stovine,Male,2002-06-09,290,264,286
Mathew,Featherstonhaugh,Male,1939-07-16,291,334,250
Ursulina,Berks,Female,1936-06-15,292,248,337
Lars,Blague,Male,1929-06-01,293,297,264
Violante,Stiling,Female,2002-06-16,294,85,224
Artemis,Sebire,Male,1975-11-16,295,4,245
Wait,Swalteridge,Male,1926-05-07,296,112,350
Evangelin,Daulton,Female,1950-08-01,297,154,42
Bobina,Pococke,Female,1979-02-21,298,15,349
Rosalinda,Hearson,Female,1931-01-11,299,17,167
Elvyn,Peat,Male,1936-08-18,300,59,264
Dayle,Wyles,Female,1983-06-29,301,267,342
Alfonso,Grisley,Male,1980-01-15,302,78,92
Rubie,Brombell,Female,1922-01-07,303,181,144
Geri,Aldwinckle,Male,2001-10-18,304,363,161
Marwin,Allingham,Male,1957-01-14,305,202,38
Lianna,Courvert,Female,1926-08-17,306,68,108
Joly,Renols,Female,1925-04-03,307,208,181
Lilllie,Tilney,Female,1926-10-10,308,311,326
Lucila,Laity,Female,1957-10-01,309,66,159
June,Weald,Female,1993-10-20,310,5,238
Leighton,Blakes,Male,1988-03-01,311,275,154
Amalie,Swalteridge,Female,1979-06-29,312,225,315
Edvard,Stent,Male,1938-05-15,313,190,269
Trever,Torres,Male,1981-01-13,314,152,295
Elia,Morrell,Male,1942-05-09,315,320,116
Sawyere,Perschke,Male,1946-03-30,316,198,319
Kerr,Dedrick,Male,1951-03-29,317,265,207
Wrennie,Veal,Female,1954-01-15,318,149,17
Milena,Dinley,Female,1949-02-10,319,135,103
Hamel,Dossett,Male,1952-08-11,320,190,202
Camile,Van Oord,Female,1951-04-28,321,255,234
Brnaby,Self,Male,1984-06-06,322,273,32
Ingemar,Vasentsov,Male,1989-08-05,323,66,209
Ulrick,Keher,Male,1957-07-24,324,203,78
Greg,Doak,Male,1995-09-10,325,124,197
Florette,Kamena,Female,1985-07-02,326,272,177
Olvan,Di Bernardo,Male,1998-07-07,327,134,292
Izabel,Cheetham,Female,1941-01-23,328,249,359
Cammy,Goathrop,Male,1980-11-12,329,239,231
Sharla,Bonifas,Female,1995-07-30,330,43,316
Riane,Whelband,Female,1975-11-02,331,213,75
Ritchie,Hanbury-Brown,Male,1960-05-14,332,230,127
Virginia,Colclough,Female,1950-12-05,333,327,301
Caron,Verheyden,Female,1953-03-13,334,304,333
Raddie,Askham,Male,1972-04-21,335,278,337
Bar,Gainsbury,Male,1939-07-10,336,358,272
Tobias,Novik,Male,1949-07-07,337,365,324
Hakeem,Hartless,Male,1960-09-02,338,248,88
Samuel,Decourcy,Male,1974-06-08,339,97,36
Steffen,Bock,Male,1938-08-30,340,192,250
Lillian,Neles,Female,1994-01-12,341,40,62
Noreen,Glandon,Female,1954-08-06,342,32,117
Melinde,Bahia,Female,1924-04-23,343,57,71
Debera,Danilyuk,Female,1960-05-02,344,118,25
Martica,Probart,Female,1951-04-24,345,284,43
Fidel,Tidman,Male,1951-12-13,346,81,225
Artemas,Cleare,Male,1928-11-08,347,85,162
Karry,Cockton,Female,1934-12-14,348,198,33
Felice,Emsley,Male,1938-03-08,349,192,341
Evelina,McCuffie,Female,1937-07-19,350,247,110
Fransisco,Derisly,Male,1962-09-24,351,186,43
Ajay,McGaughie,Female,1992-12-10,352,91,350
Haily,Doorly,Male,1931-08-17,353,255,188
Zechariah,MacAlpin,Male,1977-07-20,354,24,136
Babette,Reimers,Female,1952-01-22,355,233,72
Lynette,Danielkiewicz,Female,2000-06-13,356,14,253
Filippo,Rudham,Male,1959-07-13,357,170,62
Renie,McGriffin,Female,1922-02-18,358,69,166
Ermentrude,Kindall,Female,1968-11-10,359,247,340
Susan,Sterzaker,Female,1941-03-08,360,33,201
Elora,Pllu,Female,1939-10-13,361,103,341
Kiel,Costell,Male,1980-07-22,362,58,350
Gerrie,Domokos,Male,1987-10-20,363,212,68
Evelina,Asel,Female,1989-11-05,364,197,256
Blisse,Dinsey,Female,1980-10-19,365,210,254
Yorke,Fitchen,Male,1943-01-24,366,277,84
Allyce,Bruggeman,Female,1961-02-03,367,241,187
Nobe,McBean,Male,1985-11-18,368,308,333
Nissa,Orbon,Female,1981-09-10,369,361,202
Linette,Chisnall,Female,1985-06-16,370,84,164
Dyana,Aspin,Female,1986-12-15,371,180,39
Tripp,Dansey,Male,1933-04-22,372,2,4
Lulita,Beddoes,Female,1960-06-13,373,269,239
Reinaldo,Boshard,Male,1978-01-24,374,108,141
Karla,Galilee,Female,1921-02-23,375,188,327
Levey,Wabe,Male,1924-07-30,376,289,246
Adriana,Marty,Female,1934-02-08,377,66,195
Andie,Hallbord,Male,1975-04-11,378,201,207
Adelheid,Lesmonde,Female,1960-02-12,379,311,117
Durward,Sikora,Male,1952-06-09,380,224,231
Reece,Mawhinney,Male,2000-12-31,381,167,253
Fernando,Groven,Male,2002-03-04,382,154,45
Harriott,Bartlomieczak,Female,1986-10-01,383,311,324
Jaye,Stileman,Male,1934-06-15,384,32,25
Atlanta,Turfes,Female,1987-07-11,385,163,146
Jammal,Farlamb,Male,1953-02-06,386,350,274
Sascha,McKibben,Male,1983-11-01,387,48,348
Russell,Gellan,Male,1964-05-22,388,96,128
Ailee,Kleinstub,Female,1966-07-18,389,297,119
Shae,McKnish,Female,1934-10-10,390,148,266
Kimberly,Murrey,Female,1937-04-10,391,91,89
Shelia,Tidball,Female,1942-03-19,392,254,290
Ingrim,Kimblen,Male,1928-02-12,393,323,37
Alta,Eacott,Female,1940-03-22,394,339,191
Cassie,Sutlieff,Female,1956-10-05,395,310,219
Ivory,Hourston,Female,1995-02-16,396,272,280
Trudey,Greschke,Female,1997-04-07,397,160,325
Golda,Lawerence,Female,1992-02-15,398,307,20
Maxi,Turbern,Female,1943-11-14,399,33,166
Johny,Gheraldi,Male,1999-10-01,400,76,31
Iosep,MacConnechie,Male,1968-09-03,401,294,77
Bancroft,Colloby,Male,1933-08-26,402,360,264
Thornton,Ells,Male,1986-03-28,403,6,101
Ailsun,Robbings,Female,1946-11-01,404,175,51
Cy,Leavold,Male,1948-02-05,405,219,35
Damon,Suttling,Male,1969-04-03,406,148,347
Granger,Reicharz,Male,1985-10-20,407,288,221
Sandro,Sieve,Male,1927-09-02,408,181,160
Candice,Honnicott,Female,1999-10-28,409,34,249
Montgomery,MacColl,Male,1928-04-15,410,67,304
Dael,Harriss,Female,1946-03-24,411,268,175
Elnar,Draycott,Male,1953-05-13,412,102,230
Dixie,Soda,Female,1932-10-13,413,125,350
Andrea,Melia,Male,1972-01-30,414,291,127
Craggy,Lecordier,Male,1947-01-10,415,145,79
Mickey,Boecke,Male,2002-05-20,416,363,274
Dulce,Beaglehole,Female,1944-07-03,417,363,104
Cymbre,Brugemann,Female,1991-01-05,418,129,321
Andris,Chalfont,Male,1945-02-18,419,60,2
Gaynor,Bugs,Female,1942-01-18,420,78,160
Estele,Fewell,Female,1936-03-10,421,297,172
Rora,Goodrick,Female,1939-11-23,422,83,261
Rodi,Jehan,Female,1968-06-19,423,8,328
Devonna,Chicchetto,Female,1961-02-01,424,114,190
Ulrika,Kemetz,Female,1985-12-28,425,221,339
Marsha,Thunders,Female,1927-05-15,426,350,357
Kristian,Lorey,Male,1963-05-06,427,274,50
Becki,Yelden,Female,1962-12-24,428,359,257
Gerry,Aldwich,Female,1932-11-12,429,284,338
Suzi,Kasbye,Female,1965-10-15,430,326,261
Dewitt,Churchill,Male,1957-12-17,431,12,58
Kiri,Ricard,Female,1948-03-28,432,194,141
Margi,Batteson,Female,1938-12-14,433,262,293
Curt,Whyman,Male,1921-04-27,434,22,116
Armando,Quick,Male,1983-01-06,435,234,226
Garrett,Stenning,Male,1951-12-31,436,310,261
Dody,Nurdin,Female,1940-05-25,437,207,24
Clim,Trynor,Male,1963-02-03,438,166,227
Aarika,Aylmer,Female,1990-06-20,439,22,133
Brigg,Paolino,Male,1950-07-23,440,267,276
Rourke,Stobie,Male,1961-11-26,441,101,280
Pavel,Yegorov,Male,1995-05-29,442,300,316
Bryant,Scriviner,Male,1975-07-22,443,113,70
Roderic,Haggarty,Male,1959-09-25,444,159,225
Paddy,Janse,Male,1982-04-27,445,120,326
Shawna,McTrusty,Female,1973-10-26,446,96,153
Tove,Dungey,Female,1922-04-08,447,71,217
Cornelius,Shoubridge,Male,1933-05-20,448,158,210
Salvatore,Sine,Male,1955-02-27,449,210,127
Leonora,Shallcroff,Female,1992-07-22,450,244,286
Karin,Goodbar,Female,1955-06-06,451,103,53
Clevey,Davidek,Male,1980-05-05,452,328,199
Alix,Waber,Female,1948-05-01,453,196,232
Dare,Pettegree,Male,1973-02-28,454,54,75
Cammy,Rolstone,Female,1967-03-16,455,164,13
Mord,Mulvy,Male,1933-07-15,456,233,91
Rosabelle,Hutcheons,Female,1978-12-07,457,310,280
Neil,Alfwy,Male,1983-03-02,458,185,231
Nadia,Marzelli,Female,1986-09-13,459,166,122
Vasilis,Kinsett,Male,1976-07-06,460,245,46
My,Deakan,Male,1967-04-30,461,111,203
Justinian,Littlejohn,Male,1951-10-06,462,306,126
Benedikt,Revan,Male,1948-03-24,463,351,233
Jeffie,Humber,Male,1940-03-16,464,34,304
Samuel,Beazleigh,Male,1938-11-22,465,83,92
Rey,Kyte,Male,1977-03-12,466,196,57
Gibbie,Simkin,Male,1973-11-18,467,131,244
Herby,Vaughan-Hughes,Male,1944-05-21,468,285,13
Magdaia,Rappport,Female,1960-09-25,469,291,135
Benjie,Chopin,Male,1957-10-06,470,209,205
Maia,Ochiltree,Female,1975-09-21,471,313,249
Forster,Widdowson,Male,1976-08-31,472,293,129
Korella,Barns,Female,1956-04-02,473,70,173
Rudolfo,Causbey,Male,1988-08-29,474,363,82
Tedman,Crier,Male,1945-05-20,475,244,362
Tammara,Dominighi,Female,1921-03-30,476,140,352
Katharine,Kobelt,Female,1966-04-10,477,211,103
Jayme,Beeze,Male,2001-06-16,478,274,72
Ami,Maxted,Female,1955-03-01,479,315,0
Penni,Rowsell,Female,1937-09-26,480,266,100
Sal,Paridge,Male,1961-04-17,481,168,60
Erwin,Archibould,Male,1966-04-03,482,155,174
Winnie,Desorts,Male,1977-10-07,483,355,9
Parnell,Tailby,Male,1964-12-11,484,18,331
Quill,Kleingrub,Male,1956-01-13,485,289,228
Bastian,Gofforth,Male,1970-07-16,486,160,67
Delia,Giovannilli,Female,1983-05-24,487,166,158
Sibyl,Consterdine,Female,1992-09-03,488,195,62
Laurie,Chaffey,Female,1972-01-13,489,167,233
Adaline,Munton,Female,1981-08-10,490,245,193
Ray,Pattie,Female,1993-08-18,491,31,10
Graehme,McDuff,Male,1940-06-12,492,337,288
Dorothy,Mainstone,Female,1982-03-17,493,302,354
Lorelei,Marston,Female,1937-05-25,494,362,186
Dee,Hevey,Female,1994-08-23,495,365,40
Arny,Sharply,Male,1985-06-22,496,90,216
Luci,Tapley,Female,1933-06-21,497,335,181
Concettina,Prince,Female,1991-01-18,498,343,317
Svend,Pisco,Male,1974-11-18,499,319,284
Darci,Chipping,Female,1974-08-16,500,143,179
Sybilla,Habbert,Female,1975-04-20,501,6,197
Henriette,Snoday,Female,2001-02-20,502,121,202
Northrop,Popland,Male,1993-04-24,503,246,355
Ertha,Boerderman,Female,1952-12-14,504,201,236
Chen,Malenfant,Male,1998-12-14,505,110,66
Onfroi,Deyes,Male,1969-06-29,506,260,72
Ado,Henrion,Male,1997-02-02,507,59,180
Laughton,Airlie,Male,1941-02-15,508,202,242
Nikki,Drysdale,Male,1954-10-20,509,181,307
Angil,Puckrin,Female,1975-07-19,510,15,217
Dorotea,Cordey,Female,1946-02-02,511,116,123
Ogdon,Tuson,Male,1932-08-28,512,146,100
Morten,Mardling,Male,1978-02-27,513,225,170
Farleigh,Ivanenkov,Male,1933-05-30,514,152,193
Marcellus,McElane,Male,1927-01-18,515,76,78
Alleyn,Kinset,Male,1946-02-14,516,144,303
Crystie,Cabrer,Female,1983-12-21,517,33,267
Nixie,Booy,Female,1996-09-05,518,116,171
Grete,Bourke,Female,1987-10-15,519,95,96
Buddie,Rogez,Male,1975-11-02,520,238,349
Edvard,Itscowics,Male,1928-03-24,521,305,125
Alastair,McClarence,Male,1975-03-28,522,329,104
Erinna,Batchelour,Female,1976-07-23,523,65,93
Ludvig,Alessandrini,Male,1927-07-31,524,39,140
Sinclare,Spilsbury,Male,1973-05-21,525,48,134
Avis,Pochet,Female,1929-05-14,526,193,27
Isador,McCartan,Male,1987-05-13,527,295,5
Roley,Gildea,Male,1989-08-07,528,117,349
Lilly,Roman,Female,1992-03-25,529,138,135
Wandis,Oulett,Female,1957-01-31,530,138,198
Olenka,Garmans,Female,1994-06-20,531,142,282
Ansel,Godfrey,Male,1957-09-03,532,75,139
Dorice,Ashness,Female,1985-06-06,533,355,151
Nelly,Pariss,Female,1936-01-19,534,7,63
Janek,Grundy,Male,1922-06-01,535,249,161
Malva,Morris,Female,1922-06-18,536,186,187
Leonie,Hembery,Female,1925-06-13,537,255,300
Jo,Woofendell,Female,1939-10-07,538,104,332
Trevar,Stowers,Male,1990-08-03,539,231,279
Alexis,Van Dale,Male,1958-11-10,540,184,214
Kylie,Douglas,Male,1960-10-25,541,252,29
Zed,Ulyat,Male,1941-08-01,542,298,300
Laetitia,Mortlock,Female,1985-05-08,543,287,160
Eward,Ferreri,Male,1954-10-13,544,282,79
Den,Peyton,Male,1979-03-23,545,269,208
Carlyle,Tinmouth,Male,1978-06-16,546,140,320
Greg,Mathiot,Male,1985-05-15,547,80,15
Ania,Arnell,Female,1964-10-03,548,56,107
Vida,Jennison,Female,1933-06-28,549,249,278
Derek,Pechan,Male,1982-01-05,550,75,302
Daisie,Videler,Female,1997-01-18,551,8,35
Deck,Faughnan,Male,1979-11-10,552,223,250
Marge,Berlin,Female,1926-02-08,553,233,127
Dasya,Halvorsen,Female,1934-02-25,554,69,51
Tristan,Lonsdale,Male,1949-05-09,555,104,229
Darnall,Coneybeer,Male,1930-09-21,556,316,78
Issy,Wauchope,Female,1928-10-31,557,271,277
Orv,Simone,Male,1965-05-10,558,13,70
Otis,Dinnies,Male,1923-09-18,559,189,161
Armin,Tomes,Male,1995-12-30,560,116,18
Idalia,Hanshawe,Female,1951-10-29,561,163,220
Ronnie,Czajkowska,Male,1974-05-31,562,18,293
Lainey,MacPaike,Female,1963-05-21,563,332,285
Onfre,Ioselev,Male,1996-08-20,564,94,237
Faustina,Mathonnet,Female,1966-07-13,565,56,141
Malchy,Streather,Male,1959-09-23,566,210,237
Lizbeth,Sheeran,Female,1921-08-29,567,222,81
Darsey,Causby,Female,1974-01-21,568,2,329
Davina,Semper,Female,1991-03-05,569,256,242
Channa,Rewbottom,Female,1945-12-01,570,365,303
Junia,Yearnsley,Female,1928-05-17,571,232,111
Wenda,Giff,Female,1983-08-13,572,125,134
Tripp,Fiddyment,Male,1985-04-05,573,226,2
Vinnie,De Bruijn,Female,1970-07-28,574,162,319
Lusa,Cuerdale,Female,1962-06-28,575,350,346
Iorgos,Talton,Male,1991-09-03,576,215,131
Tobit,Scurry,Male,2001-08-16,577,297,162
Kelley,Concannon,Male,1926-11-05,578,346,157
Henrieta,Delea,Female,1991-05-01,579,347,240
Dalt,Crudge,Male,1966-01-25,580,58,184
Eustacia,Cabane,Female,1937-09-12,581,139,187
Garvy,Bogart,Male,1931-05-20,582,120,316
Hersch,Gossan,Male,1995-10-10,583,29,270
Toby,Auden,Male,1981-01-22,584,72,138
Elsworth,Morse,Male,1978-06-19,585,75,278
Sergei,Shuttell,Male,1977-03-02,586,260,258
Nichole,Ellice,Female,1996-08-09,587,55,68
Angelia,Larkins,Female,1941-03-24,588,52,0
Garth,Pratte,Male,1922-11-15,589,295,356
Karisa,Labat,Female,1977-01-15,590,10,190
Eden,Tales,Female,1945-01-26,591,8,314
Brod,Jennens,Male,1992-08-10,592,1,32
Ramon,Haydon,Male,1984-04-25,593,247,183
Rod,Alexandersen,Male,1944-07-09,594,148,111
Merrile,Gilleson,Female,1963-11-12,595,168,180
Bryan,Heed,Male,1979-01-03,596,74,266
Tarah,Sisson,Female,1958-09-18,597,266,242
Lazaro,McGow,Male,1982-10-29,598,245,226
Tamara,Van Niekerk,Female,1966-08-24,599,111,359
Freddy,Ashman,Female,1966-02-26,600,162,12
Rriocard,Armsden,Male,1955-07-08,601,3,141
Michaella,Wenderoth,Female,1969-06-25,602,165,362
Hymie,Spridgen,Male,1948-12-27,603,48,136
Kirsteni,Kibblewhite,Female,1956-01-16,604,7,169
Iorgos,Prover,Male,1990-11-17,605,243,355
Lamond,Goldring,Male,1940-01-06,606,180,148
Trey,Crennan,Male,1995-08-22,607,67,345
Sally,Mateu,Female,1963-04-28,608,225,141
Beck,Haggata,Male,1966-07-02,609,243,65
Sheppard,Nehlsen,Male,1993-02-20,610,350,349
Llewellyn,Godfery,Male,1973-04-02,611,279,21
Gleda,Kerford,Female,1931-01-07,612,70,39
Waylen,Preto,Male,1991-11-20,613,318,321
Chancey,Gimlet,Male,1968-02-16,614,202,85
Aleen,Iorizzi,Female,1961-02-25,615,272,224
Mick,Pasby,Male,1956-10-29,616,344,218
Jolene,Dollman,Female,1935-06-11,617,276,250
Edvard,Pughsley,Male,1967-07-27,618,264,208
Stevena,Imesson,Female,1990-04-23,619,249,247
Major,Pennycock,Male,1965-11-20,620,295,100
Christel,Maryon,Female,1950-06-06,621,187,241
Mandie,Beverage,Female,1925-11-26,622,83,183
Walliw,Drewet,Female,1975-04-22,623,122,224
Lucius,MacGille,Male,1933-12-03,624,242,65
Curr,Laurance,Male,1958-05-03,625,11,14
Abagael,Drennan,Female,1970-11-02,626,200,95
Gabriellia,Elcum,Female,1990-08-18,627,353,317
Lisle,Choudhury,Male,1970-06-26,628,4,344
Osgood,Pickard,Male,1994-06-26,629,184,175
Clementius,Vagg,Male,1984-01-06,630,26,185
Daryl,Boyles,Male,1922-11-23,631,200,179
Rhody,Telezhkin,Female,1947-06-17,632,318,123
Michal,Mongenot,Female,1924-07-29,633,24,160
Adrien,Kingsnoad,Male,1961-04-02,634,244,35
Antoine,Tofano,Male,1992-09-30,635,325,288
Elroy,Cleevely,Male,1931-08-13,636,97,289
Kenon,Chadwell,Male,1923-04-23,637,38,104
Roxine,Fissenden,Female,1927-01-16,638,235,330
Borg,Brearley,Male,1972-05-17,639,10,140
Maggee,Gommowe,Female,1924-09-24,640,51,252
Danya,Osgarby,Male,1929-06-21,641,139,290
Godfree,Wanjek,Male,1957-06-19,642,307,99
Vlad,Beckinsale,Male,2002-06-14,643,263,329
Ferguson,Halifax,Male,1953-12-02,644,121,321
Shermy,Hazael,Male,1977-12-10,645,127,64
Tabbi,Sillis,Female,1951-01-10,646,287,20
Corine,Saur,Female,1998-09-22,647,208,176
Dixie,Gissing,Female,1956-04-30,648,291,94
Crissie,Fordy,Female,1998-11-18,649,117,44
Anton,Davy,Male,1940-05-08,650,179,314
Calla,Gindghill,Female,1954-05-25,651,189,83
Maria,Littler,Female,1990-04-25,652,51,345
Netta,Skein,Female,1966-08-05,653,20,70
Weylin,Brauner,Male,1978-01-10,654,194,76
Gweneth,Munroe,Female,1928-07-12,655,243,104
Hesther,Brisbane,Female,1927-12-14,656,4,357
Lorri,Annets,Female,1923-07-11,657,82,50
Minette,Blezard,Female,1978-04-13,658,202,39
Ephrayim,Di Carlo,Male,1991-09-26,659,319,250
Karel,Blackett,Female,1940-05-11,660,48,182
Iago,Arrell,Male,1955-03-23,661,237,178
Merla,McManamen,Female,1932-04-13,662,310,225
Hall,Rief,Male,1964-06-30,663,21,348
Caressa,Calver,Female,2001-09-05,664,197,195
Carolin,Gilhoolie,Female,1993-06-21,665,104,108
Filmer,Sicely,Male,1999-03-07,666,359,157
Carol-jean,Craigg,Female,1996-11-30,667,273,64
Francesca,Garey,Female,1965-05-05,668,138,124
Ado,Butcher,Male,1931-01-03,669,299,12
Hamil,Petkov,Male,1960-08-02,670,114,351
Marrilee,Goldstraw,Female,1943-09-20,671,292,57
Mitchell,Moreno,Male,1958-10-27,672,280,91
Jacenta,Chatters,Female,1944-09-07,673,7,62
Inness,Yakovitch,Male,1924-01-22,674,105,88
Holly,Laimable,Male,1995-09-07,675,134,290
Karoly,Caltun,Female,1924-09-30,676,247,312
Hector,Theuff,Male,1929-11-24,677,219,134
Jessamyn,Pamplin,Female,1956-03-08,678,16,263
Danya,Cahillane,Female,1972-09-20,679,133,151
Sophronia,Lambertson,Female,1975-03-23,680,290,113
Sapphira,Hinckes,Female,1960-05-06,681,42,171
Emeline,Bielby,Female,1999-04-04,682,99,160
Crista,Killingworth,Female,1972-11-17,683,11,194
Mariejeanne,Klimkovich,Female,1961-07-26,684,84,157
Halie,Draxford,Female,1940-07-12,685,85,273
Devlin,Battany,Male,1985-04-07,686,175,251
Carley,Collier,Female,1935-09-29,687,62,287
Barthel,Bunstone,Male,1935-09-29,688,301,96
Paxton,Celli,Male,1921-08-26,689,243,224
Evonne,Byway,Female,1980-12-24,690,122,232
Calida,Atherton,Female,1995-09-04,691,238,38
Shaw,Kildahl,Male,2001-08-01,692,243,89
Bernie,Charpin,Female,1999-08-15,693,44,150
Avril,Jindrich,Female,1958-01-11,694,359,149
Raddie,Stephenson,Male,1922-08-30,695,276,234
Regan,Loughan,Male,1947-08-10,696,92,122
Annice,Bysh,Female,1990-01-08,697,287,53
Nicolai,Stain,Male,1976-10-17,698,19,68
Monica,Langrick,Female,1922-04-26,699,141,239
Carlyle,Galea,Male,1964-12-22,700,326,167
Regen,Dewdney,Male,1995-07-03,701,49,150
Yoshiko,Dugdale,Female,1948-10-18,702,264,33
Birk,Chinery,Male,1938-06-26,703,239,179
Quinta,Lydall,Female,1961-07-31,704,157,343
Zonda,Durnian,Female,1946-05-13,705,229,54
Horace,Loughan,Male,1949-01-25,706,7,313
Anatol,Hinkens,Male,1926-06-08,707,246,156
Alicea,Astle,Female,1958-09-22,708,14,6
Jakob,Brendel,Male,1967-05-03,709,162,310
Esme,Pacher,Female,1979-12-06,710,249,115
Carlina,Zorer,Female,1960-05-30,711,159,287
Franz,Jorge,Male,1938-06-28,712,216,285
Perle,Maberley,Female,1974-09-26,713,239,268
Brinn,Bofield,Female,1931-12-16,714,224,317
Jacki,Kubista,Female,1944-09-08,715,74,155
Jeno,Smithers,Male,1987-01-22,716,250,363
Maxy,Rudeyeard,Female,1931-07-14,717,98,65
Shay,Urian,Male,1968-07-06,718,253,270
Sheff,Hubbocks,Male,1950-12-10,719,104,27
Jo,Clemett,Male,1921-11-13,720,105,168
Augustus,Grigoryov,Male,1963-11-02,721,241,86
Kellby,Walthew,Male,1973-01-31,722,313,220
Joyous,Satford,Female,1991-03-08,723,198,278
Wilfrid,Farnworth,Male,1972-10-04,724,103,325
Aldis,Gammage,Male,1991-07-21,725,253,142
Nickie,Drakes,Female,1962-08-12,726,337,98
Chrissie,Clare,Male,1936-08-07,727,282,322
Hope,Triggle,Female,1942-09-30,728,174,358
Hewitt,Deroche,Male,1946-09-21,729,114,171
Aile,O'Sculley,Female,1964-10-25,730,27,52
Shela,McInerney,Female,1974-03-18,731,76,135
Roxie,Hamon,Female,1929-02-22,732,357,59
Kristofor,Cresser,Male,1976-03-07,733,342,356
Hamlen,Atterbury,Male,1976-08-24,734,322,221
Noell,Mityashev,Female,1998-04-01,735,248,83
Constantine,Mulmuray,Female,1957-12-08,736,36,169
Lek,Mahady,Male,1953-11-28,737,358,321
Davina,Hartmann,Female,1930-09-12,738,34,187
Raynard,Adamoli,Male,1945-10-29,739,337,290
Maxie,Coviello,Male,1997-08-21,740,189,9
Esme,Matysik,Male,1951-03-03,741,48,162
Cyrillus,Iacobucci,Male,1956-07-21,742,122,261
Obadiah,Redhouse,Male,1941-10-22,743,239,173
Deana,Piborn,Female,1999-02-20,744,236,93
Dionysus,Steynor,Male,1955-05-02,745,147,318
Jerrylee,Krienke,Female,1971-09-16,746,185,168
Danielle,Mengue,Female,1947-11-10,747,329,311
Mathias,Watman,Male,1956-04-01,748,306,337
Charis,Arnowicz,Female,1943-05-02,749,106,97
Sharron,Losseljong,Female,1990-04-20,750,321,282
Che,Gillham,Male,1981-09-06,751,298,266
Maye,Mcmanaman,Female,1991-09-24,752,143,207
Raimondo,Wreiford,Male,1951-05-29,753,324,166
Tanny,Blagbrough,Male,1997-12-14,754,239,252
Costa,Cuckson,Male,2001-09-09,755,247,252
Michael,Bertenshaw,Male,1971-11-30,756,263,193
Wallas,St. Hill,Male,1997-09-27,757,108,109
Joya,Worsnap,Female,1940-06-20,758,196,219
Hendrik,Kerton,Male,1974-07-15,759,354,91
Melisandra,Abate,Female,1995-10-09,760,221,349
Floria,Cockell,Female,1971-11-12,761,337,168
Alene,Coverdill,Female,1930-01-17,762,210,22
Shelton,Axtonne,Male,1969-11-11,763,256,13
Jarrett,Borzoni,Male,1947-08-11,764,38,249
Zulema,Gotfrey,Female,1976-03-08,765,254,318
Claudette,Poynser,Female,1971-03-10,766,77,125
Ricki,Mallabund,Female,1955-07-16,767,11,38
Timoteo,Dilks,Male,1968-12-10,768,263,87
Colleen,Varsey,Female,1974-01-29,769,187,168
Maddie,Heal,Male,1991-09-05,770,229,159
Pauly,Livesey,Male,1975-08-07,771,211,213
Damien,Karlsson,Male,1996-11-17,772,210,200
Annabela,McCathay,Female,1971-12-17,773,109,339
Eliza,Issacov,Female,1987-06-12,774,206,283
Lilian,Trusslove,Female,1936-12-29,775,87,150
Griselda,Fronks,Female,1922-08-01,776,262,335
Granthem,Martugin,Male,1923-04-09,777,261,27
Sollie,Andrew,Male,1996-06-16,778,286,227
Bernice,Minshall,Female,1945-09-18,779,304,272
Heinrick,Pedrocchi,Male,1992-09-10,780,189,171
Anabella,Bramhill,Female,1963-04-19,781,228,60
Willis,Middlemass,Male,1998-11-25,782,187,279
Daisi,Strethill,Female,1968-02-10,783,71,201
Ardyce,Lidierth,Female,1942-08-19,784,154,152
Rickie,Rigbye,Male,1947-06-11,785,345,282
Harman,McLese,Male,1945-05-17,786,82,128
Giustino,Simkins,Male,1968-01-29,787,52,30
Ben,Delong,Male,1995-01-20,788,100,270
Gabie,Luten,Female,1964-10-26,789,323,96
Conn,Benedick,Male,1957-02-08,790,321,162
Maurise,Petersen,Male,1980-08-26,791,208,70
Andrej,Loade,Male,1991-05-19,792,44,70
Justinn,Bargh,Female,1994-06-20,793,233,216
Silvie,Arlow,Female,1997-05-05,794,348,243
Odille,Yurocjhin,Female,1997-07-31,795,308,28
Moyna,Llopis,Female,1937-12-29,796,42,182
Farrah,Hallatt,Female,1925-10-11,797,229,189
Spike,Jurkiewicz,Male,1983-09-28,798,213,234
Hilda,Buterton,Female,1977-01-17,799,131,258
Tiebout,Stadden,Male,1971-02-26,800,246,284
Margarethe,Skittreal,Female,2000-12-03,801,306,208
Stevie,Larmouth,Male,1973-01-20,802,144,41
Ilse,Von Brook,Female,1968-12-17,803,264,86
Rennie,Kersley,Female,1926-01-30,804,107,322
Charlene,McGaugey,Female,1945-03-04,805,278,152
Othelia,Goulden,Female,1925-09-12,806,263,82
Early,Barkworth,Male,1925-05-20,807,207,323
Zoe,Eefting,Female,1965-06-25,808,288,110
Wit,Beebe,Male,1957-10-12,809,137,43
Lyn,Heister,Female,1953-04-11,810,80,170
Marje,Ricold,Female,1973-02-22,811,0,176
Binky,Duinbleton,Male,1980-08-24,812,133,103
Swen,Matson,Male,1992-07-07,813,41,235
Nicholle,Elliston,Female,1956-06-22,814,219,358
Ambrosio,Yendall,Male,1931-09-09,815,101,87
Phillip,Gaber,Male,1949-07-18,816,282,270
Julissa,Dessant,Female,1937-06-12,817,155,280
Wilfrid,Cridland,Male,1962-01-20,818,143,83
Geoffry,Downie,Male,1973-03-01,819,293,305
Torrence,Rosenkrantz,Male,1942-01-10,820,210,92
Lenci,Wingate,Male,1968-01-08,821,125,210
Gabbie,Jedrys,Male,1958-09-04,822,3,121
Hyacinthia,Skilbeck,Female,1925-07-21,823,314,266
Way,Carloni,Male,1928-07-10,824,57,109
Lelah,MacLardie,Female,1987-01-10,825,335,195
Merrick,McBryde,Male,1968-09-24,826,126,121
Bruis,Burns,Male,1980-02-02,827,101,326
Camala,Lensch,Female,1978-10-30,828,88,251
Cinderella,Brame,Female,1932-08-21,829,268,29
Hagan,Simonitto,Male,1996-06-15,830,309,79
Brynna,Dobbison,Female,1949-02-18,831,154,335
Lida,Mathon,Female,1980-02-08,832,284,95
Charmain,Chess,Female,1925-08-09,833,231,119
Web,Boeter,Male,2001-12-20,834,160,311
Leticia,Savary,Female,1964-04-06,835,267,329
Shawna,Rippin,Female,1984-06-05,836,198,176
Orly,Harse,Female,1998-10-26,837,212,77
Earle,Rastrick,Male,1975-08-23,838,164,343
Pearla,Mackney,Female,2001-01-22,839,217,224
Edith,Tipping,Female,1931-02-20,840,207,169
Dianemarie,Danielot,Female,1937-01-14,841,52,17
Teri,Jirousek,Female,1937-06-16,842,145,295
Anna-diane,Dickon,Female,1952-12-16,843,147,25
Katuscha,Sawden,Female,1958-10-28,844,212,84
Cy,Sumbler,Male,1974-08-07,845,26,166
Colleen,Jobbings,Female,1971-03-03,846,22,104
Rube,Sturdy,Male,1989-08-08,847,237,156
Giuditta,Clague,Female,1944-06-22,848,307,43
Hilary,Marland,Male,1931-03-20,849,356,100
Ninon,Chesterton,Female,1962-11-12,850,193,299
Robbin,Brumbie,Female,1969-11-03,851,167,39
Clarke,Cheak,Male,1994-03-05,852,334,36
Gerome,Penrose,Male,1960-04-18,853,114,250
Pernell,Thebeau,Male,1925-03-18,854,255,139
Kally,Hartland,Female,1996-10-13,855,132,353
Rae,Dines,Female,1997-12-06,856,278,163
Madelaine,Medlar,Female,1972-08-02,857,258,178
Rosanne,Pfaffel,Female,1992-01-04,858,99,244
Kalle,McIsaac,Male,1955-11-11,859,310,342
Irwinn,Dominique,Male,1996-01-26,860,40,179
Mildrid,Betterton,Female,1946-06-06,861,200,148
Gigi,McVey,Female,1953-12-21,862,273,318
Kerry,Le feuvre,Male,1929-03-23,863,276,352
Ware,Guerrero,Male,1965-02-05,864,207,351
Sheba,McKeachie,Female,1932-01-16,865,22,345
Sergent,Sarginson,Male,1976-07-19,866,191,90
Hugues,Garstan,Male,1971-03-22,867,362,141
Parke,Suddell,Male,1932-03-04,868,261,155
Gertruda,Mandre,Female,1947-10-03,869,115,214
Derron,Marson,Male,1953-02-24,870,14,236
Deerdre,Bernardeschi,Female,1952-11-22,871,200,164
Hermann,Richen,Male,1986-02-17,872,17,70
Madge,Goss,Female,1945-11-04,873,221,224
Corissa,Surphliss,Female,1943-09-15,874,2,54
Anastassia,Andric,Female,1924-03-18,875,325,301
Courtney,Rylatt,Male,1997-06-07,876,48,164
Nolan,Godbert,Male,1982-04-07,877,173,293
Risa,Ailsbury,Female,1998-03-11,878,232,312
Cash,Cadwell,Male,1951-10-16,879,325,170
Iorgos,Dawidowicz,Male,1937-10-29,880,343,8
Uriel,Terrans,Male,1936-08-18,881,333,242
Meaghan,Fulloway,Female,1977-07-13,882,183,299
Ernesta,Weinberg,Female,1954-12-07,883,329,7
Frankie,Gadd,Female,1928-10-20,884,100,319
Rhianon,Duddy,Female,1940-02-01,885,12,243
Webster,Aickin,Male,1985-11-18,886,274,41
Elisha,Brent,Male,1956-01-09,887,230,56
Orren,Portigall,Male,1968-08-25,888,338,295
Netti,Mumberson,Female,1926-09-10,889,316,142
Bethany,Lougheed,Female,2000-10-09,890,173,138
Guinna,Lamberth,Female,1927-05-24,891,90,166
Sinclair,Sturmey,Male,1940-01-08,892,166,14
Evangelina,Dinwoodie,Female,1973-05-13,893,134,13
Raff,Mitham,Male,1931-12-02,894,124,86
Burnaby,Yakushkev,Male,1977-03-13,895,50,9
Darin,Doxey,Male,1984-02-03,896,171,126
Nessie,Danter,Female,1962-08-06,897,77,207
Jodie,McGillicuddy,Male,1998-10-17,898,126,244
Leena,Friman,Female,1949-03-09,899,14,162
Noble,Ewdale,Male,1933-06-26,900,340,279
Garfield,Rishbrook,Male,1988-05-19,901,91,134
Tony,Diament,Male,1973-02-07,902,211,43
Gwenny,Drewe,Female,1942-04-26,903,71,279
Orin,Samsworth,Male,1968-05-28,904,333,123
Kory,McKag,Male,1966-06-30,905,235,203
Hobie,Litchmore,Male,1968-04-24,906,4,205
Oneida,Roache,Female,1966-07-01,907,164,246
Raddie,Perrat,Male,1921-10-20,908,42,291
Thacher,Ratlee,Male,2001-12-13,909,174,154
Marsiella,Bilson,Female,1935-02-10,910,246,43
Alika,Strong,Female,1932-08-16,911,64,59
Delora,Simonetto,Female,1952-04-01,912,212,193
Dulcea,Prettyjohns,Female,1927-07-08,913,304,226
Norton,Ganniclifft,Male,1943-04-18,914,348,61
Johnath,North,Female,1930-04-18,915,358,151
Barnebas,Dannell,Male,2000-10-28,916,323,287
Inessa,Gibbie,Female,1948-07-01,917,275,144
Johnna,Morstatt,Female,1945-10-13,918,180,351
Giles,Ricards,Male,1954-09-26,919,51,310
Marabel,Folshom,Female,1994-08-27,920,82,328
Goober,Billings,Male,1937-01-08,921,150,252
Faustina,Burree,Female,1995-09-13,922,72,21
Northrop,Mantha,Male,1977-01-07,923,45,116
Robinet,Tax,Male,1981-10-09,924,107,177
Stacey,Itzak,Female,1960-04-01,925,274,107
Nealson,Emeney,Male,1928-05-27,926,251,111
Adair,Norris,Male,1964-02-01,927,206,32
Sydney,Silvermann,Male,2002-11-21,928,210,238
Larina,Novis,Female,1995-11-29,929,335,331
Randall,Krolle,Male,1950-12-09,930,2,135
Kanya,Preble,Female,1995-11-07,931,214,294
Field,Anscott,Male,1976-06-18,932,163,343
Ardelis,Chatell,Female,1989-12-01,933,290,332
Cookie,Weddell,Female,1939-04-04,934,99,169
Yvonne,Easson,Female,1984-02-02,935,349,48
Glory,Geddes,Female,1938-03-30,936,30,264
Gigi,Thickens,Female,1932-11-18,937,216,26
Case,Dobson,Male,1976-04-14,938,64,87
Bastien,Gentil,Male,1944-04-15,939,188,63
Mirabella,Okroy,Female,1980-09-17,940,203,70
Rolando,Gatling,Male,1946-03-14,941,176,310
Linell,Sarra,Female,1955-08-08,942,336,311
Ira,Kibbey,Female,1990-10-02,943,13,284
Valentia,Godfree,Female,1945-05-22,944,94,296
Bernice,Arnopp,Female,1987-04-16,945,164,327
Sallee,Brewett,Female,1994-08-13,946,297,196
Keane,McBrearty,Male,1961-02-20,947,322,168
Marrissa,Pendry,Female,1998-08-15,948,257,322
Marna,Beacroft,Female,1991-10-14,949,242,206
Patton,Brownsill,Male,1948-01-29,950,283,328
Herby,Paulo,Male,1983-09-21,951,271,244
Orsa,Zanotti,Female,1996-02-15,952,35,116
Karlee,Falla,Female,1967-11-06,953,41,334
Serene,Feaveryear,Female,1935-01-04,954,335,154
Morganne,Daverin,Female,1951-10-26,955,216,201
Hill,Kerrigan,Male,1996-05-12,956,27,267
Dona,Wasson,Female,1946-07-24,957,244,274
Frieda,Atkins,Female,1979-10-09,958,316,328
Jill,Farfalameev,Female,1962-05-24,959,129,132
Ernest,Peegrem,Male,1999-10-21,960,185,251
Berty,Tye,Female,1954-12-07,961,288,10
Ced,Propper,Male,1921-06-04,962,203,251
Dolph,Feldheim,Male,1923-07-17,963,235,291
Tim,Curnucke,Male,1945-06-13,964,4,243
Nathan,Brosoli,Male,1945-02-26,965,352,216
Karlotte,Eicheler,Female,1959-11-01,966,286,129
Silvie,Presdee,Female,1937-03-05,967,279,227
Kizzee,Tossell,Female,1979-02-07,968,120,232
Simone,Rottgers,Male,1986-10-27,969,336,89
Evangelina,Berzon,Female,1970-12-24,970,180,90
Karoline,Pering,Female,1977-06-23,971,233,112
Chevalier,Huddy,Male,1951-09-14,972,341,311
Emlyn,Turmel,Male,1985-05-25,973,14,126
Cordi,Zisneros,Female,1993-11-22,974,37,28
Agnes,Briatt,Female,1941-04-21,975,323,118
Mari,Blaycock,Female,1999-03-01,976,295,224
Minerva,Panichelli,Female,1988-01-26,977,148,95
Cris,Avesque,Female,1987-01-27,978,39,142
Patten,Liveing,Male,1968-12-30,979,324,145
Ware,Reay,Male,1989-01-03,980,34,87
Lane,Hammand,Female,1926-11-17,981,166,45
Isacco,Stoggell,Male,1990-02-04,982,246,230
Pall,Rigney,Male,1980-01-12,983,174,11
Jackelyn,Simionato,Female,1980-01-20,984,277,122
Emili,Crossfield,Female,1935-09-08,985,121,19
Christie,Coare,Male,1995-04-29,986,364,37
Ichabod,Towsey,Male,1962-11-12,987,83,16
Hurleigh,Grahame,Male,1948-05-28,988,301,159
Rania,Martinson,Female,1964-08-06,989,3,28
Maximilian,Oldman,Male,1925-01-11,990,48,248
Valerye,Schiell,Female,1963-06-19,991,97,305
Brinn,Lambourne,Female,1951-01-13,992,19,349
Anatole,Geldard,Male,1951-01-27,993,342,50
Anet,Yurocjkin,Female,1960-09-17,994,308,27
Therine,O' Dooley,Female,1978-02-22,995,102,229
Lemmy,Fausch,Male,1943-07-02,996,347,91
Hermy,Ivatt,Male,1988-07-31,997,37,47
Briant,Stidson,Male,1973-03-31,998,239,71
Mart,Linnock,Male,1953-01-13,999,290,133
Ravi,Matten,Male,1950-07-01,1000,174,278