Gun,Haldane,Male,1943-04-24,1,113,122
Madeline,Le feaver,Female,1922-04-05,2,250,139
Damien,Chalker,Male,2020-07-31,3,233,283
Leelah,Grevile,Female,2004-01-22,4,27,291
Demetris,Nelson,Male,2016-09-09,5,324,209
Lorna,Merigon,Female,1950-12-16,6,164,120
Arlette,Benbow,Female,1975-02-06,7,191,177
Tybi,Proudler,Female,1942-09-29,8,120,97
Damian,Lukacs,Male,1923-10-05,9,130,288
Tuck,Woollcott,Male,1959-04-22,10,56,28
Gil,Conibear,Male,2020-12-08,11,192,326
Allyce,Gudgion,Female,2011-02-24,12,183,256
Emalee,Handforth,Female,1925-01-01,13,180,229
Lalo,Iggo,Male,1937-02-09,14,322,20
Julina,Gerriet,Female,1958-02-13,15,23,280
Jobye,Sarge,Female,1978-01-27,16,338,77
Linell,Mulvihill,Female,1931-05-13,17,214,89
Sophi,Appleton,Female,1958-03-08,18,16,131
Emerson,Whitman,Male,1962-10-12,19,74,35
Gloriane,Kellington,Female,2011-08-11,20,331,147
Roseanna,Brackpool,Female,1991-06-08,21,364,179
Anderson,Dummett,Male,1947-04-11,22,21,140
Claudianus,Roseborough,Male,2010-04-22,23,147,234
Arnoldo,Jimmes,Male,1923-01-25,24,173,29
Hillary,Tzar,Female,1941-08-24,25,204,290
Demetria,West,Female,2013-03-23,26,300,270
Trudy,Endle,Female,1940-08-22,27,24,236
Avery,Cornehl,Male,1925-07-31,28,18,251
Cirilo,Longstaffe,Male,2006-04-08,29,349,55
Forrest,Nerney,Male,1980-11-24,30,258,159
Halette,Clausson,Female,2008-08-13,31,203,339
Kevina,Cridlan,Female,1928-05-18,32,305,168
Talia,Syrie,Female,1924-03-14,33,60,233
Benito,Blemen,Male,1949-05-14,34,239,326
Gwenni,Popple,Female,1972-01-22,35,363,282
Currie,Tuckwell,Male,1974-07-12,36,299,260
Andriette,Middleditch,Female,1970-06-08,37,178,292
Cordelie,Hurren,Female,1935-06-16,38,145,293
Nicole,Petris,Female,1996-08-25,39,123,59
Eloise,Wrettum,Female,1930-07-09,40,325,153
Maryjane,Timlin,Female,1942-02-11,41,59,109
Kipp,Epilet,Male,1922-03-26,42,44,307
Cooper,Rowthorn,Male,2019-06-21,43,5,29
Tori,Pashbee,Female,1989-12-29,44,251,272
Chelsae,Gallagher,Female,1954-12-29,45,304,325
Angy,Bonnick,Female,1952-10-01,46,30,170
Laurens,Avramov,Male,1936-03-09,47,111,1
Lefty,Thickett,Male,2014-10-30,48,10,31
Nola,Malkinson,Female,1988-08-25,49,115,116
Raffarty,Littlechild,Male,1959-01-31,50,160,217
Anabal,Cesco,Female,1956-08-21,51,357,276
Jed,Revell,Male,1997-11-21,52,136,295
Haleigh,Minister,Female,1986-04-08,53,18,272
Kanya,Lawles,Female,1930-10-24,54,72,43
Ardath,Record,Female,1979-12-20,55,140,217
Cynthia,Steketee,Female,1972-12-03,56,106,348
Broderic,Font,Male,1997-10-18,57,298,288
Mickie,McArley,Female,2013-03-11,58,52,67
Bonnee,Dainter,Female,1951-04-25,59,351,265
Desmund,Kepp,Male,2015-07-14,60,3,186
Susanetta,Bazoge,Female,1967-09-30,61,308,25
Merry,Curthoys,Male,1996-07-12,62,238,111
Randolf,Flowitt,Male,1941-03-15,63,303,125
Kathy,Hannond,Female,1932-11-08,64,342,53
Deane,Hollindale,Male,1932-07-01,65,145,65
Perceval,Taplow,Male,1968-05-15,66,97,141
Fanchette,Nilles,Female,1974-12-20,67,40,161
Kelbee,Lening,Male,1973-09-24,68,200,364
Arni,Drezzer,Male,1939-06-24,69,359,224
Palm,De Souza,Male,1960-07-11,70,79,67
Kermy,Sibborn,Male,1924-07-07,71,361,243
Petey,Quartley,Male,1973-07-15,72,110,56
Abe,Hayzer,Male,1962-05-15,73,259,138
Zedekiah,Darridon,Male,1924-02-04,74,237,218
Finley,Weeden,Male,1946-07-23,75,236,165
Jerrilee,Troman,Female,1933-01-02,76,75,140
Gertrud,Kinnen,Female,1972-11-26,77,267,33
Olav,MacElholm,Male,1995-11-30,78,261,251
Lu,Berriman,Female,1958-11-16,79,272,133
Hubie,Motten,Male,2007-07-05,80,99,333
Quinn,Whiff,Male,1935-12-22,81,332,342
Gilberte,Frain,Female,1942-04-23,82,252,118
Amabel,McArthur,Female,2003-12-19,83,105,122
Alina,Stanford,Female,1954-07-12,84,177,4
Veronique,Vreiberg,Female,2002-05-23,85,88,203
Aluin,Kopfer,Male,1974-08-06,86,20,77
Shaylyn,Membry,Female,1992-05-14,87,29,331
Hadleigh,Colquyte,Male,1933-07-24,88,183,5
Cherrita,Mennithorp,Female,1966-11-29,89,248,45
Babbie,Goldthorp,Female,1945-12-06,90,64,243
Xylia,Whenham,Female,1987-12-17,91,71,145
Carita,Realph,Female,1983-11-01,92,72,333
Octavia,Bitterton,Female,1956-05-23,93,330,227
Bernadine,Michael,Female,1935-09-13,94,139,92
Catina,Guilleton,Female,1956-01-13,95,76,364
Gabbie,Baythorp,Female,1958-08-02,96,14,352
Asher,Rocco,Male,1979-09-04,97,120,164
Brenna,Carwithan,Female,1947-03-07,98,168,253
Garrard,Tivenan,Male,1925-05-21,99,252,352
Codie,Leming,Male,1924-10-26,100,143,202
Dulcinea,Norkutt,Female,2002-11-14,101,288,122
Duky,Larimer,Male,1990-04-24,102,154,224
Marylynne,Relton,Female,1960-06-21,103,188,109
Jodie,Laws,Male,2006-04-26,104,151,357
Eugen,Muslim,Male,1960-10-19,105,224,41
Leilah,Frisch,Female,1936-12-05,106,295,357
Emmye,Surman,Female,1981-03-21,107,342,278
Gladys,Hatchard,Female,1921-06-14,108,238,154
Tripp,Royl,Male,1990-04-12,109,91,0
Maggy,Trewhela,Female,1928-01-20,110,64,99
Myer,Canfield,Male,1939-12-22,111,41,305
Taite,Lochhead,Male,1948-08-10,112,121,295
Fritz,Alekhov,Male,1931-01-15,113,287,288
Marmaduke,Bamborough,Male,1960-06-23,114,5,187
Feodora,Lammers,Female,1996-09-22,115,207,298
Kirbie,McRamsey,Female,1990-04-01,116,259,326
Ellary,Croucher,Male,2002-09-03,117,192,360
Celine,St. Quentin,Female,1930-08-10,118,37,66
Martie,Drache,Male,1975-02-19,119,79,296
Nikolia,Balmer,Female,2013-12-24,120,38,358
Toddie,Currm,Male,2004-07-26,121,152,312
Genvieve,Cahani,Female,2012-12-16,122,364,344
Olia,Halbert,Female,1976-05-26,123,43,281
Chaunce,Golton,Male,2004-03-06,124,206,97
Daphne,Kinsett,Female,1935-01-25,125,45,130
Sandro,Dryden,Male,1980-09-01,126,294,233
Demetria,Reder,Female,1941-11-21,127,292,276
Veronika,Roe,Female,1961-08-01,128,147,230
Raffarty,Caldeyroux,Male,2004-01-11,129,311,17
Gayel,Lazenby,Female,1987-01-13,130,32,327
Hartwell,Shires,Male,1926-04-09,131,126,242
Dukie,Acom,Male,2000-10-29,132,364,169
Paulie,Hedylstone,Male,1985-03-18,133,23,214
Christoph,Thomasset,Male,1935-07-13,134,334,3
Jaynell,Henrichsen,Female,1935-08-28,135,75,150
Randi,Squibbs,Male,1937-03-08,136,347,47
Gaylene,Ottawell,Female,1966-11-12,137,80,28
Bebe,Pickwell,Female,1965-05-16,138,177,16
Karry,Maypother,Female,2007-05-20,139,184,309
Mortimer,Parcells,Male,1933-07-08,140,269,197
Ardath,Tume,Female,1988-10-20,141,45,355
Madison,Eldrett,Male,1974-01-25,142,62,26
Daffy,Cricket,Female,2020-10-17,143,299,66
Ilka,Pawlowicz,Female,2012-04-19,144,336,265
Helaine,Vennard,Female,1939-07-03,145,365,307
Abdel,Cherrison,Male,1977-01-18,146,153,167
Catrina,Tressler,Female,2007-02-18,147,342,172
Rock,Scimoni,Male,1985-10-25,148,332,277
Beltran,Dauney,Male,1923-11-18,149,312,288
Morie,Wanklin,Male,1999-04-13,150,298,318
Thebault,Aleixo,Male,1974-11-30,151,93,221
Bonny,Ewestace,Female,1986-06-23,152,228,314
Gladi,Piggot,Female,1959-06-11,153,82,21
Owen,Meletti,Male,1955-04-15,154,197,302
Rawley,Huncoot,Male,1944-11-28,155,60,74
Bern,Clausius,Male,1968-10-28,156,289,332
Rey,Snoxall,Male,1974-09-21,157,206,132
Gayelord,Enos,Male,1936-11-17,158,282,321
Deonne,Mewe,Female,1953-04-03,159,341,208
Raphaela,Sabate,Female,1966-05-31,160,24,360
Patrick,Treend,Male,1924-06-25,161,352,246
Sela,Ferras,Female,2008-12-12,162,238,182
Saxe,Bantham,Male,2012-11-09,163,122,30
Francesco,Awin,Male,1938-12-25,164,122,12
Lanette,Carreck,Female,1930-10-14,165,239,185
Corty,Trotman,Male,2001-11-09,166,300,258
Melisande,Jimson,Female,1922-06-23,167,117,346
Dory,Errey,Female,1994-07-25,168,270,233
Saundra,Dudney,Male,1972-01-08,169,75,179
Josh,Ellicott,Male,1975-01-08,170,205,183
Lorena,Anselmi,Female,1999-05-22,171,222,56
Valli,Highwood,Female,1997-04-10,172,140,71
Laurena,Vallerine,Female,1971-01-25,173,187,164
Aime,Willerson,Female,2007-07-29,174,260,126
Oates,Mourant,Male,1924-11-12,175,330,233
Rosaleen,Jeannet,Female,1967-02-03,176,78,3
Deeyn,Prandoni,Female,1986-02-16,177,7,276
Ariel,Culwen,Male,1957-11-20,178,308,144
Archambault,Rudderham,Male,1936-06-13,179,253,253
James,Dybbe,Male,1942-04-25,180,352,328
Loy,MacFarland,Male,1937-08-12,181,228,52
Tilda,Lowson,Female,2006-07-14,182,296,332
Dollie,Jeaffreson,Female,1923-02-13,183,363,339
Kylie,Hanse,Male,1964-01-14,184,37,126
Anny,Scoggan,Female,1946-05-12,185,218,209
Siward,Mallall,Male,2002-01-04,186,4,29
Olive,Evetts,Female,1942-06-17,187,272,264
Virge,Coggeshall,Male,1965-01-17,188,335,246
Daisy,Ivakhno,Female,2017-03-30,189,53,308
Davis,Cardillo,Male,2015-09-21,190,235,253
Efrem,Mixture,Male,1994-07-28,191,146,28
Domenic,Pedgrift,Male,1975-05-11,192,148,157
Daryl,Hovel,Male,1972-10-26,193,214,80
Teirtza,Gower,Female,1948-01-25,194,52,208
Phil,Eldred,Male,1921-05-11,195,246,291
Auria,Gumley,Female,1938-01-17,196,23,6
Axel,Silverstone,Male,1961-12-07,197,167,60
Reid,Rheubottom,Male,1957-10-12,198,234,106
Truman,Woolard,Male,1980-09-05,199,31,160
Clair,Westpfel,Female,1974-03-04,200,362,83
Maury,Dell 'Orto,Male,1992-05-10,201,181,231
Grant,Piris,Male,1926-09-25,202,200,21
Tadd,Snowden,Male,1945-02-18,203,42,170
Tamarah,Bowlands,Female,2015-08-17,204,217,245
Langsdon,Parmley,Male,1961-06-15,205,289,77
Jaquenetta,Vlasyuk,Female,2018-04-05,206,190,54
Lesly,Minihan,Female,1957-09-12,207,256,179
Kylila,Popping,Female,1985-04-11,208,312,11
Farley,Spurdle,Male,1972-10-08,209,206,13
Willy,de Keep,Male,1946-07-17,210,257,334
Cross,Fettes,Male,2020-02-24,211,245,83
Foster,Kentish,Male,1935-06-28,212,107,307
Florenza,Murrie,Female,1983-01-31,213,308,170
Ferne,Versey,Female,1928-09-05,214,280,30
Emiline,Stokell,Female,1987-11-09,215,80,18
Leonard,Jowsey,Male,1974-09-26,216,319,184
Ashleigh,Levet,Female,1972-11-14,217,135,42
Jodi,Pahler,Female,1980-03-11,218,61,157
Filmore,Camden,Male,1923-02-17,219,74,345
Luelle,Dunstall,Female,1977-08-02,220,290,113
Silas,Dulwich,Male,1995-10-16,221,175,302
Romain,Blinco,Male,1937-05-08,222,64,177
Trudey,O'Hoey,Female,1975-04-07,223,94,69
Charmaine,McAllister,Female,1970-01-29,224,188,152
Brod,Itzchaky,Male,1962-09-08,225,322,77
Fletcher,Dales,Male,1934-09-10,226,271,80
Nicolis,Pond,Male,1992-05-03,227,122,102
Vinny,Kirgan,Male,1954-05-23,228,357,6
Shari,Coger,Female,2012-02-11,229,142,316
Honor,Simic,Female,1969-11-11,230,69,285
Orlando,Sammes,Male,1985-02-11,231,172,89
Anetta,McKeveney,Female,1926-03-06,232,206,340
Shanan,Taylo,Male,1935-07-29,233,50,268
Garold,Bassett,Male,2004-06-06,234,68,196
Thia,Osman,Female,1998-04-17,235,284,206
Ambrosio,Coy,Male,2013-02-09,236,311,291
Duffie,Camplen,Male,1935-11-24,237,21,70
Chane,Halwood,Male,2002-07-15,238,334,289
Janella,Gerkens,Female,1942-04-18,239,151,160
Harold,Reckless,Male,1976-11-23,240,216,16
Nicol,Cline,Male,1986-05-09,241,300,107
Hanson,Winn,Male,1976-10-11,242,288,36
Pinchas,Slocket,Male,2016-05-12,243,167,52
Kerby,Snoxall,Male,2010-11-20,244,103,78
Rici,Renoden,Female,2011-10-15,245,236,274
Jeralee,Betser,Female,2012-10-18,246,13,268
Claudie,Fer,Female,1946-06-23,247,291,177
Ingar,Sievewright,Male,2005-11-27,248,289,288
Chicky,Falconar,Male,1924-06-18,249,312,29
Coleman,Tossell,Male,2016-11-06,250,350,22
Kin,Baldack,Male,1973-01-23,251,192,356
Ike,Jakolevitch,Male,1943-11-28,252,195,358
Myrta,Thebe,Female,2009-04-27,253,38,119
Skelly,MacAlpine,Male,1938-12-15,254,280,351
Baldwin,Vigurs,Male,1972-02-14,255,35,191
Harwell,Comoletti,Male,1957-10-29,256,239,282
Koenraad,Burkin,Male,1991-01-27,257,202,213
Remy,Ketts,Female,2017-07-24,258,115,325
Ethelda,Galliford,Female,1937-06-27,259,52,261
Garrett,Cansfield,Male,2007-12-16,260,97,130
Archie,Chaster,Male,1986-07-24,261,174,37
Peter,Veale,Male,1965-06-09,262,38,354
Chrisse,Joice,Male,1979-12-14,263,258,60
Suzie,Sponder,Female,1935-05-25,264,365,241
Clem,Palin,Male,1987-05-17,265,279,268
Modestia,Byles,Female,2017-09-16,266,89,87
Guillermo,Rickeard,Male,2018-07-25,267,69,280
Hagan,McConaghy,Male,1922-07-12,268,106,171
Kelly,Farryan,Male,1934-10-05,269,58,225
Etan,Renshell,Male,1938-04-13,270,107,81
Chastity,Spearing,Female,1930-04-25,271,340,188
Bartolemo,Bricham,Male,1973-07-23,272,92,57
Auberon,Kindred,Male,1947-07-17,273,119,8
Siobhan,Olenikov,Female,2016-04-03,274,235,304
Godfrey,Ribeiro,Male,1954-12-07,275,250,70
Jeanne,Iczokvitz,Female,1985-10-09,276,358,252
Mace,Adess,Male,1928-01-01,277,281,96
Beau,Smallacombe,Male,1968-07-26,278,113,336
Devlin,Luetkemeyers,Male,2009-10-17,279,321,320
Kaile,Danilchik,Female,2014-07-31,280,151,227
Titos,Brimman,Male,2010-04-24,281,163,88
Sib,Mation,Female,2011-06-19,282,228,12
Horst,Tune,Male,1942-02-02,283,54,239
Del,Vowells,Male,1977-07-24,284,60,294
Darren,Yosevitz,Male,1941-07-11,285,176,185
Dru,Reveland,Male,1994-04-25,286,156,70
Francoise,Ead,Female,2000-12-18,287,98,235
Tressa,Lissenden,Female,1939-08-27,288,213,277
Colver,Nowell,Male,1921-10-30,289,283,191
Eloise,Havenhand,Female,1995-06-09,290,45,169
Sharron,McKirton,Female,1934-06-15,291,83,307
Joellen,Laming,Female,2015-12-07,292,237,177
Dare,O'Riordan,Male,2017-11-19,293,277,320
Mirna,Mintram,Female,1942-08-08,294,311,143
Ivette,MacSharry,Female,1955-05-11,295,115,33
Bondy,Diack,Male,1990-01-19,296,227,198
Welsh,O'Connor,Male,2000-11-13,297,56,113
Penelopa,Millis,Female,1923-04-06,298,161,349
Stanford,Ganter,Male,2015-01-10,299,285,53
Gabbie,Giovanizio,Male,1925-04-10,300,171,220
Ashly,Folker,Female,1948-08-16,301,88,172
Aubrey,Uttley,Female,1944-04-30,302,208,16
Westley,Daleman,Male,1993-06-28,303,358,94
Jerrilyn,Hatherley,Female,2008-11-08,304,83,193
Carla,Curdell,Female,2007-12-20,305,172,146
Noam,Pearle,Male,1975-12-06,306,56,259
Petronille,Yanshinov,Female,2008-09-07,307,216,321
Josefa,Cuzen,Female,1957-01-31,308,10,95
Silvie,Lorente,Female,1941-05-04,309,149,130
Jase,Osband,Male,1996-10-04,310,179,68
Carlyn,Richards,Female,1937-04-11,311,347,72
Jodi,Gilcrist,Male,1956-03-11,312,151,293
Timothee,Bremley,Male,1976-01-05,313,309,261
Bealle,Hinchon,Male,1970-12-07,314,344,300
Corbett,Hambribe,Male,1978-09-08,315,4,164
Kirstin,Pensom,Female,1986-08-15,316,305,92
Mar,Ciardo,Male,1972-01-23,317,111,57
Melli,Caughan,Female,1977-11-07,318,184,304
Ronda,Ghidetti,Female,2017-02-27,319,196,77
Aretha,McQuaide,Female,1969-05-27,320,87,234
Gordan,Trowl,Male,1939-11-18,321,189,322
Janina,Habershaw,Female,1959-04-12,322,184,171
Judith,Cund,Female,1944-12-05,323,214,304
Dulcia,Janny,Female,2013-04-06,324,10,325
Tallulah,Waywell,Female,1921-12-27,325,297,335
Waiter,Meadowcraft,Male,2019-12-23,326,124,42
Hugo,Darrington,Male,1957-03-13,327,34,217
Margot,Ancliffe,Female,1925-09-12,328,294,281
Berkie,de Keep,Male,2004-03-23,329,192,13
Dorothy,Figgs,Female,1946-10-26,330,210,244
Sheilakathryn,Bewlay,Female,2016-09-27,331,352,348
Derward,Birtwisle,Male,2014-01-14,332,16,229
Ulick,MacGahy,Male,1946-08-22,333,243,261
Zedekiah,Glaisner,Male,1953-10-24,334,128,315
Aharon,Dewar,Male,1928-08-05,335,7,358
Aldus,Coppins,Male,1922-11-25,336,212,55
Katheryn,Ambrozik,Female,1949-12-19,337,239,49
Evey,Fould,Female,2018-09-27,338,204,40
Gaby,Shelvey,Female,1961-07-09,339,197,6
Maryjo,Burgiss,Female,1991-01-23,340,74,276
Maxim,Haine,Male,2009-12-16,341,253,220
Christophe,O' Shea,Male,2004-06-21,342,294,56
Arther,Ector,Male,1944-02-02,343,93,262
Anabelle,Ourtic,Female,2004-01-05,344,215,325
Lawrence,Vouls,Male,1984-01-19,345,55,232
Orsola,O'Carney,Female,1988-05-18,346,211,30
Kellie,Treadgear,Female,1982-09-01,347,228,159
Sharity,Yakebowitch,Female,1999-02-08,348,261,33
Nat,Marriage,Male,2017-02-08,349,301,127
Shelia,Dalbey,Female,1944-10-25,350,7,103
Valery,Degoy,Female,1922-06-06,351,10,6
Sarena,MacClinton,Female,1937-01-23,352,13,227
Michail,Leverett,Male,1983-05-26,353,345,44
Gigi,Gronous,Female,1961-07-07,354,133,85
Will,Stallard,Male,1997-02-28,355,79,163
Jonas,Lethlay,Male,1961-04-22,356,247,250
Klaus,Artz,Male,1988-06-06,357,237,68
Vevay,Friel,Female,1948-05-21,358,147,97
Scotti,Tafani,Male,1923-05-13,359,269,169
Celestyn,Elverston,Female,1991-08-26,360,352,234
Rosalynd,Passingham,Female,1996-04-09,361,119,94
Herb,Mattiassi,Male,1954-10-06,362,296,52
Sanson,Watkins,Male,1943-11-20,363,254,4
Bell,Hazeman,Female,1959-04-18,364,98,283
Selma,Goodbur,Female,1981-04-14,365,228,59
Manolo,Mochar,Male,1971-10-09,366,136,295
Jock,Callard,Male,1922-12-12,367,330,82
Ewell,Hallt,Male,2004-11-07,368,157,78
Hagan,Semmence,Male,1983-01-18,369,307,271
Farand,Zannetti,Female,1940-09-13,370,220,289
Olwen,Armsden,Female,1956-02-03,371,214,10
Ximenez,Gilligan,Male,1930-03-31,372,62,207
Blancha,Fissenden,Female,1981-11-15,373,229,319
Odelinda,Joslin,Female,1951-04-11,374,8,95
Vic,Latchford,Male,2002-12-28,375,273,183
Maryjo,Pohlak,Female,1991-08-31,376,63,79
Kristy,Spellissy,Female,1959-02-20,377,188,35
Sterling,Avey,Male,1974-07-02,378,225,20
Theda,Coppen,Female,1998-02-15,379,120,4
Bary,Sporgeon,Male,1960-11-19,380,145,316
Carolynn,Panswick,Female,2006-03-02,381,39,54
Denise,Filasov,Female,2011-09-21,382,53,334
Damara,Hadenton,Female,1949-02-12,383,108,188
Reena,Matteris,Female,2007-04-30,384,112,270
Rozamond,Drysdale,Female,2003-08-02,385,127,355
Bink,Sheals,Male,1924-03-20,386,219,44
Zacharias,Abella,Male,1977-07-21,387,47,169
Rochester,Sainsberry,Male,1999-04-11,388,115,311
Mabel,Calloway,Female,1997-04-25,389,186,162
Caty,Goult,Female,1954-01-23,390,259,217
Reinhold,Burrage,Male,1965-04-29,391,244,304
Kathe,Hawket,Female,1941-04-26,392,312,302
Nial,Saw,Male,1939-02-21,393,76,276
Regine,Okenfold,Female,2005-06-06,394,108,7
Krysta,McInnes,Female,1949-06-01,395,357,203
Muhammad,Jillett,Male,1942-12-12,396,116,158
Lurlene,Parsall,Female,1998-04-26,397,292,135
Blair,Whitehair,Female,1993-10-05,398,202,164
Deedee,Cumberpatch,Female,1929-12-28,399,189,128
Logan,Burgwyn,Male,1992-10-12,400,191,222
Gard,Kupker,Male,1926-03-16,401,286,336
Moise,Le Count,Male,1989-04-05,402,42,100
Sheridan,Cassell,Male,1954-10-22,403,24,259
Domenico,McKeaney,Male,1931-07-05,404,79,317
Keeley,Grob,Female,1971-12-25,405,303,203
Alexi,Bosch,Female,1953-03-01,406,143,222
Frederik,Bartunek,Male,1928-07-10,407,219,356
Lou,Curnucke,Female,1921-05-29,408,356,314
Lulita,Garrat,Female,1994-06-20,409,324,96
Kaleb,Zimmerman,Male,2015-09-15,410,260,316
Renard,Baelde,Male,2020-03-25,411,253,302
Morgun,Crossan,Male,1955-12-10,412,24,332
Eugen,Fewell,Male,2003-08-05,413,14,279
Winonah,Merredy,Female,1924-06-17,414,174,21
Rosetta,Dracey,Female,1976-04-08,415,247,30
Layton,Hambling,Male,1975-01-04,416,43,292
Marje,Punt,Female,1991-08-03,417,200,218
Gerick,Fynes,Male,1980-03-29,418,33,159
Sofia,Siddons,Female,1964-07-12,419,16,77
Catie,Jessup,Female,1979-08-16,420,330,191
Rice,Bondar,Male,1977-07-26,421,325,323
Issie,Linder,Female,1955-03-22,422,270,148
Lyn,Haig,Male,2019-07-28,423,174,49
Domeniga,Ellerby,Female,1962-11-10,424,195,307
Bev,Corneliussen,Female,1963-10-03,425,142,167
Chelsie,Ruggier,Female,1932-09-18,426,303,311
Ronnica,Rickardsson,Female,1932-09-11,427,32,46
Joceline,Morl,Female,1950-03-06,428,22,303
Amelina,Burrells,Female,1984-02-19,429,108,37
Roshelle,Grassett,Female,1923-12-10,430,275,289
Blinny,Rickcord,Female,1992-08-08,431,228,146
Orville,Lawrenceson,Male,1960-11-24,432,116,88
Caron,McCrossan,Female,1969-01-28,433,261,94
Aldwin,Gomby,Male,1962-01-10,434,296,115
Calvin,Feige,Male,1932-06-17,435,221,124
Garvy,Maier,Male,1932-01-06,436,50,326
Shari,Jolly,Female,1940-05-29,437,113,231
Tremayne,Gower,Male,2008-07-20,438,188,53
Georgeanna,Gillise,Female,1929-02-05,439,181,328
Cyndia,Slowgrove,Female,1994-07-12,440,257,162
Enriqueta,Puttick,Female,2020-01-26,441,115,168
Rodolph,Benthall,Male,1940-07-17,442,67,262
Kaitlynn,Maghull,Female,1959-03-06,443,307,78
Archie,Slessar,Male,1988-04-15,444,100,295
Zebulon,Rentoul,Male,1990-05-11,445,127,275
Laurens,O'Flaherty,Male,1959-06-29,446,342,1
Ginger,de Glanville,Male,1996-10-17,447,310,30
Laurella,Romain,Female,1948-12-27,448,95,26
Elvin,Summerside,Male,2008-05-11,449,111,362
Sibelle,Norsister,Female,2001-11-13,450,178,353
Audrye,Kolushev,Female,1965-03-14,451,97,313
Frasco,Petschelt,Male,2003-10-10,452,336,115
Cordell,Carbry,Male,1932-02-27,453,341,87
Christiana,Gilbane,Female,2009-11-04,454,339,53
Oona,Tucknutt,Female,1974-07-28,455,50,261
Gallard,Gumbrell,Male,2013-06-07,456,125,32
Tynan,Rheam,Male,1973-02-05,457,283,16
Finlay,Menis,Male,1965-08-05,458,30,0
Gregorio,Hobben,Male,1936-01-12,459,117,359
Orin,Hercock,Male,1930-09-04,460,166,18
Isa,Guiton,Male,1927-03-22,461,351,238
Iain,Barras,Male,2019-10-17,462,301,340
Joaquin,Stallebrass,Male,1982-03-28,463,82,216
Thorn,Pastor,Male,2017-02-19,464,90,25
Leonerd,Groger,Male,2009-10-06,465,93,116
Katha,Steeden,Female,1935-09-11,466,215,133
Issiah,Danovich,Male,1940-10-18,467,22,54
Darsie,Dedam,Female,1997-09-23,468,153,46
Ilka,Inglish,Female,1984-03-30,469,183,15
Scotty,Breacher,Male,1953-01-23,470,154,356
Coop,Niesel,Male,2006-03-31,471,81,320
Linn,Merioth,Male,1985-09-11,472,105,124
Kellby,Simonnot,Male,2010-04-28,473,222,153
Jedidiah,Lambrechts,Male,1922-02-26,474,74,291
Hercule,Hussy,Male,2013-12-07,475,233,197
Darcy,Rojahn,Female,1954-12-04,476,32,270
Lorry,Jagels,Male,1960-01-08,477,159,351
Patty,Evanson,Male,1997-06-18,478,250,251
Consolata,McLinden,Female,1970-07-09,479,229,197
Erwin,Cornelis,Male,1947-06-11,480,330,315
Konrad,Boulder,Male,1983-07-26,481,9,361
Denny,Doone,Male,1957-02-14,482,99,307
Carine,Carswell,Female,1973-06-09,483,143,341
Torey,Strawbridge,Female,1949-02-23,484,124,81
Lenard,Fielders,Male,1992-12-31,485,212,21
Alexei,Wroath,Male,2001-03-25,486,272,305
Alic,Pignon,Male,1922-01-17,487,279,354
Robinetta,Lintall,Female,1941-10-15,488,270,303
Amalia,Pretor,Female,2018-08-08,489,278,130
Judy,Frogley,Female,1999-09-12,490,336,293
Si,Haime,Male,1974-02-19,491,117,5
Jocelin,Daoust,Female,1979-12-06,492,158,97
Ilaire,Costigan,Male,1977-10-26,493,236,139
Karleen,Clipsham,Female,1973-09-12,494,30,106
Odey,Cunnah,Male,1979-10-15,495,261,39
Ronny,Mayall,Female,2018-04-11,496,101,117
Dalston,Hawtin,Male,2015-10-25,497,293,157
Leanna,Longega,Female,1998-10-06,498,210,357
Giusto,Medmore,Male,2011-07-24,499,14,118
Florenza,Yelding,Female,1942-10-10,500,347,242
Juliann,Pavic,Female,1979-08-18,501,291,340
Katleen,Noulton,Female,2001-01-20,502,5,229
Griffith,Testro,Male,1954-08-10,503,34,179
Mariejeanne,Bloxham,Female,1956-09-16,504,316,167
Dulcine,Brooksby,Female,1958-02-01,505,76,101
Nathanial,Haswell,Male,1932-02-22,506,353,329
Josee,Matkovic,Female,1996-10-13,507,272,334
Orlan,Tipens,Male,2014-03-03,508,73,177
Donny,Pelman,Female,1968-05-10,509,147,285
Lothario,Trulocke,Male,1960-12-19,510,364,279
Alene,Slorance,Female,1963-08-02,511,183,253
Kelci,Beall,Female,1928-06-28,512,304,229
Ode,Minard,Male,1924-11-11,513,7,361
Carroll,Attack,Male,1924-08-06,514,29,185
Herold,Stopper,Male,2014-12-25,515,164,23
Clemmy,Rentoll,Female,1945-11-03,516,57,76
Darrelle,Rowberry,Female,1998-10-07,517,296,341
Adara,Matten,Female,1939-01-30,518,297,193
Audrey,Springtorpe,Female,1976-05-14,519,58,167
Rupert,Kalvin,Male,1999-08-19,520,298,355
Cecil,Smaling,Female,1969-12-29,521,177,105
Adella,Latty,Female,2000-07-24,522,234,136
Rhodia,Ritch,Female,1950-05-21,523,97,52
Derrick,Mould,Male,1935-09-26,524,37,191
Lizabeth,Grinyer,Female,1957-12-17,525,103,292
Israel,Crop,Male,1981-04-13,526,326,50
Gavrielle,Crissil,Female,1949-08-09,527,237,286
Ronnie,Cockings,Female,2004-10-30,528,126,277
Annis,Favelle,Female,1957-07-28,529,42,208
Dorine,Layson,Female,1923-06-29,530,345,69
Byrann,Bowdery,Male,1938-01-18,531,130,27
Annabal,Morse,Female,1990-07-30,532,48,42
Stanwood,MacCarroll,Male,1933-04-16,533,360,262
Addie,Tarbard,Male,1924-03-22,534,207,323
Dukey,Pinxton,Male,1956-06-12,535,231,191
Dael,Tschursch,Male,1937-08-10,536,227,90
Nikki,Jedraszek,Male,1940-09-15,537,20,327
Rakel,Paniman,Female,1949-11-20,538,170,349
Catherina,Petrasek,Female,1998-12-11,539,5,140
Daryl,Gomm,Female,1957-10-27,540,94,46
Tammara,Lidell,Female,2017-11-19,541,188,161
Melvyn,Cary,Male,2015-02-03,542,323,80
Kora,Treadwell,Female,1929-09-13,543,247,341
Ferrell,Leithgoe,Male,1977-05-07,544,330,310
Catarina,Hearst,Female,1962-04-11,545,95,67
Clayton,Frearson,Male,1923-05-03,546,121,62
Matelda,Swaton,Female,1964-04-22,547,341,267
Grant,de Bullion,Male,2018-07-09,548,352,85
Beitris,Derisly,Female,1937-05-21,549,361,353
Griselda,Cholmondeley,Female,1928-12-31,550,153,79
Kerwin,Fullerlove,Male,2010-10-20,551,36,134
Sheila-kathryn,Spenceley,Female,1968-10-11,552,275,334
Bartholomeo,Duthy,Male,1984-05-07,553,91,109
Roselle,Stoller,Female,1942-12-14,554,41,288
Callida,Ilyunin,Female,1985-02-01,555,317,290
Mable,MacNaughton,Female,1929-10-29,556,221,308
Anatol,Schumacher,Male,1981-05-29,557,328,107
Beckie,Whitesel,Female,1975-08-08,558,102,268
Olenka,Daal,Female,1989-11-18,559,27,89
Hanan,Shadfourth,Male,1965-06-13,560,172,99
Mia,Camidge,Female,1935-12-12,561,23,255
Merline,McLese,Female,1961-10-05,562,98,243
Melantha,Methven,Female,1959-03-03,563,266,248
Coriss,Gianni,Female,1956-12-19,564,58,165
Tomkin,Toombes,Male,1967-01-21,565,203,248
Dorothea,Rasper,Female,2003-12-08,566,261,281
Matelda,Norvel,Female,1975-05-17,567,129,256
Berget,Edgcombe,Female,1985-08-31,568,226,306
Hannie,Tatam,Female,1965-11-10,569,103,332
Aurthur,Corriea,Male,1926-11-08,570,59,167
Ariana,Alentyev,Female,1931-08-31,571,339,359
Nerty,Shoebrook,Female,1949-11-26,572,60,365
Gene,Babbage,Female,1978-07-15,573,204,7
Edward,Broom,Male,1981-09-07,574,62,100
Silvain,Boord,Male,1998-09-13,575,116,179
Felic,Glasser,Male,2014-01-22,576,69,189
Clemmy,Wigley,Female,1981-04-29,577,94,140
Ilka,Denyer,Female,1982-03-08,578,278,349
Cart,Noods,Male,1983-12-11,579,217,170
Micky,Blockley,Male,1961-08-06,580,327,356
Chaddie,Alphonso,Male,1940-11-19,581,307,45
Sabrina,Darnbrough,Female,1995-12-28,582,179,225
Letta,Alderwick,Female,1932-09-23,583,67,237
Perren,Dand,Male,1972-12-19,584,302,97
Pearline,Jellico,Female,2013-04-11,585,21,178
Ravid,Ludlom,Male,1939-11-30,586,125,227
Ermanno,Daniel,Male,1931-07-10,587,172,102
Larine,Klimuk,Female,2016-05-07,588,151,142
Gerik,Brugmann,Male,1930-12-28,589,314,331
Eleanore,Teissier,Female,1992-01-26,590,54,264
Melania,Zanicchelli,Female,1943-09-28,591,275,243
Charo,Easman,Female,1949-04-26,592,2,209
Frazer,Marjoribanks,Male,1972-08-24,593,281,156
Burty,Pendred,Male,2006-04-10,594,219,360
Gabriela,Windus,Female,1937-07-16,595,299,71
Ebonee,Gravett,Female,1974-09-15,596,51,323
Emery,Megroff,Male,1937-07-05,597,11,216
Shirl,Keld,Female,1991-09-19,598,122,26
Desdemona,Bertwistle,Female,1964-04-22,599,307,212
Pepe,Denyagin,Male,1940-04-15,600,319,316
Sherill,Haken,Female,1945-10-04,601,157,284
Emelen,MacLese,Male,1980-08-09,602,36,257
Vaclav,Rothery,Male,1964-04-01,603,259,59
Clea,Manlow,Female,1961-02-03,604,215,195
Dede,Menichelli,Female,1933-03-03,605,187,112
Dorolisa,Heckle,Female,1959-12-28,606,203,170
Sybyl,Pitkaithly,Female,1983-09-15,607,204,123
Tait,Watkins,Male,1935-03-03,608,25,50
Pryce,Cray,Male,1986-07-06,609,252,170
Lauri,Kingman,Female,1950-05-02,610,207,143
Ivar,Hordell,Male,1937-10-10,611,183,296
Leroy,Arlt,Male,1944-12-28,612,245,326
Tamra,Januszkiewicz,Female,2018-10-24,613,227,269
Chrissy,Gajownik,Female,1977-10-17,614,254,331
Rafe,Issitt,Male,1980-08-07,615,124,271
Tailor,De Gogay,Male,2003-02-11,616,224,330
Janeta,Harsnep,Female,1974-10-05,617,297,112
Kelci,Heijne,Female,2007-07-11,618,5,292
Blondie,Pietzke,Female,1924-04-23,619,211,319
Martino,Ferryman,Male,2000-01-11,620,227,152
Trenna,Syddon,Female,1940-03-01,621,162,55
Katey,Bahlmann,Female,1931-03-15,622,254,302
Kessiah,Cockney,Female,1992-08-01,623,184,357
Herbert,Borton,Male,1947-07-12,624,81,211
Jerrilyn,Thomas,Female,1960-04-22,625,21,326
Janean,Manus,Female,1971-04-03,626,141,249
Almeda,Traher,Female,1971-09-08,627,251,291
Enrichetta,Chisnell,Female,2017-09-25,628,118,80
Lorettalorna,Rubes,Female,1966-07-17,629,148,107
Taddeusz,Pitcaithly,Male,1952-04-22,630,267,75
Gar,Phelit,Male,1938-06-20,631,154,24
Dwain,De Launde,Male,1957-01-26,632,194,289
Marissa,Narramore,Female,1924-02-16,633,267,340
Adorne,Fransseni,Female,1997-01-23,634,215,345
Daniela,Laudham,Female,1977-06-30,635,183,143
Kat,Woodnutt,Female,1934-12-04,636,238,292
Arielle,Brandham,Female,1994-04-29,637,287,140
Katleen,Ivens,Female,1988-03-21,638,234,74
Else,Beaman,Female,1997-06-29,639,96,79
Rosemonde,Walkey,Female,1927-03-19,640,340,86
Zach,Lambertini,Male,1966-02-01,641,354,321
Roy,Warn,Male,1980-11-10,642,173,107
Loydie,Jessopp,Male,1974-09-10,643,291,195
Hermia,Jeaves,Female,1996-06-14,644,361,321
Gertrudis,Heningham,Female,1986-11-30,645,362,363
Darda,Crossby,Female,1959-10-12,646,211,316
Borg,Weale,Male,1962-10-22,647,101,13
Marlene,Capponeer,Female,1938-01-22,648,104,326
Marjy,Tierny,Female,1977-10-15,649,49,331
Carver,Mabey,Male,1925-10-03,650,311,87
Sherill,Stanmer,Female,1987-11-07,651,334,194
Shanan,Loggie,Male,2014-10-25,652,219,225
Art,Hansel,Male,1967-05-18,653,230,98
Sonnie,Sheering,Female,1995-02-14,654,283,85
Nickola,Kuhnt,Male,1964-12-16,655,199,190
Artus,Baumann,Male,1967-10-11,656,85,119
Em,Carnachen,Male,1958-05-19,657,97,216
Winston,Davies,Male,1922-07-16,658,103,230
Rosalind,Tolliday,Female,2002-12-08,659,327,76
Archibaldo,Jeremaes,Male,1992-02-10,660,103,31
Milzie,Stribbling,Female,1999-04-24,661,205,189
Billy,Fearnall,Male,2020-01-20,662,41,204
Clea,Truman,Female,1955-01-30,663,329,251
Marjorie,Dobbie,Female,1926-05-30,664,303,92
Merle,Pye,Female,2005-11-10,665,269,52
Laverna,Sedwick,Female,2006-06-19,666,17,177
Merissa,Starrs,Female,1931-11-07,667,153,337
Horatius,Keatley,Male,1988-06-25,668,101,120
Giles,Asbery,Male,2017-12-18,669,191,289
Germana,Hatzar,Female,1927-06-13,670,18,225
Bogart,St Clair,Male,1936-01-17,671,59,298
Audie,Spriggen,Female,1942-08-09,672,221,222
Jackie,Penley,Male,1951-08-07,673,268,136
Freddie,De Mattia,Male,1948-03-20,674,225,77
Klement,Marshfield,Male,2011-10-19,675,328,221
Suzanne,Langridge,Female,1930-12-31,676,293,65
Elyssa,Hugland,Female,2005-01-25,677,255,286
Haley,Asipenko,Male,1998-03-07,678,35,120
Leonidas,Braybrooks,Male,1974-07-17,679,321,182
Irving,Sneller,Male,1990-03-20,680,120,130
Fairlie,Couch,Male,1999-04-27,681,42,354
Marilee,Albers,Female,1926-03-18,682,33,1
Don,Reap,Male,1965-01-01,683,70,223
Parry,Permain,Male,2010-04-12,684,321,0
Berky,Northage,Male,1928-10-23,685,142,354
Sherrie,Marney,Female,2004-06-24,686,225,51
Giffer,Pachmann,Male,1943-08-06,687,36,57
Lennie,Mattiazzi,Male,1997-09-06,688,1,305
Allard,Felderer,Male,1966-03-23,689,10,130
Pincus,Craiker,Male,1969-04-18,690,17,293
Mackenzie,Fillery,Male,1929-11-30,691,54,266
Genovera,Vause,Female,1978-08-19,692,26,235
Zuzana,Espinel,Female,1953-01-27,693,40,140
Tad,Tantrum,Male,1921-03-04,694,22,117
Aretha,Kidston,Female,1935-09-27,695,176,157
Dav,Scollick,Male,1954-08-12,696,60,257
Karissa,Traill,Female,1985-02-23,697,185,139
Jarad,Poletto,Male,1947-02-02,698,311,13
Newton,Pettingall,Male,1983-10-14,699,219,165
Vance,Menlove,Male,1952-03-16,700,15,233
Lindsey,Thomesson,Male,1933-04-06,701,232,173
Amberly,Merkel,Female,1959-09-24,702,274,79
Roseanne,Betts,Female,1956-09-01,703,282,4
Lucky,Bus,Female,1998-09-03,704,145,38
Octavius,Broxholme,Male,1921-02-01,705,9,220
Dalenna,Penketh,Female,1974-02-08,706,326,310
Maribelle,Gammon,Female,1954-04-18,707,162,97
Lib,Levecque,Female,2002-10-16,708,352,262
Samuele,Gouny,Male,1939-05-10,709,364,175
Eadmund,Puckring,Male,1944-06-19,710,62,242
Elden,Parsons,Male,1962-05-11,711,59,233
Virgil,Fantin,Male,1952-11-06,712,243,157
Tierney,Dahlborg,Female,1922-09-05,713,60,241
Bentley,Morgan,Male,1951-11-17,714,36,255
Karena,Garaway,Female,1979-03-01,715,166,129
Marchelle,Clout,Female,1985-10-29,716,361,195
Jacquette,Kardos-Stowe,Female,1963-09-30,717,0,214
Sloane,Care,Male,1963-10-19,718,258,37
Blinny,Joul,Female,1930-08-01,719,10,344
Abram,Ottery,Male,2005-01-04,720,269,254
Isabeau,Dunican,Female,1927-05-23,721,217,89
Gertruda,Wraighte,Female,1992-04-23,722,95,257
Royce,Swinford,Male,1990-04-29,723,105,219
Pren,Staner,Male,1970-04-05,724,212,92
Petunia,Lenchenko,Female,2001-07-23,725,105,182
Lane,Cogar,Female,1955-03-18,726,96,208
Dick,Attaway,Male,2020-09-24,727,75,152
Elsey,Gueny,Female,1942-04-26,728,218,357
Pierette,Sowten,Female,1928-02-03,729,205,120
Benito,McNeilley,Male,1936-06-06,730,312,175
Wynn,Stather,Male,2003-02-02,731,124,233
Staford,Twist,Male,1971-11-02,732,150,322
Ker,Lombard,Male,1988-10-10,733,23,197
Arin,Le Houx,Male,2011-12-26,734,35,310
Abbe,Esbrook,Female,1951-04-16,735,153,289
Aksel,Farrer,Male,1971-07-03,736,23,153
Eldredge,Tenwick,Male,1963-08-30,737,208,336
Gaylord,O'Looney,Male,1953-07-23,738,139,244
Winny,Pregel,Male,1959-03-23,739,123,1
Jory,Coale,Male,1961-06-30,740,326,141
Brennan,Mathys,Male,1947-04-21,741,343,84
Pablo,Benmore,Male,1986-04-17,742,165,53
Rab,Puddan,Male,1933-10-14,743,36,216
Damon,Whye,Male,1922-12-24,744,14,125
Cathlene,Skayman,Female,1935-05-31,745,97,263
Lorrin,Henderson,Female,1943-02-02,746,96,337
Ara,Le Ball,Male,1996-10-16,747,112,129
Trstram,Canter,Male,1970-01-03,748,3,349
Jone,Ewbanche,Male,2003-08-19,749,319,294
Martyn,Conahy,Male,1964-01-28,750,184,9
Hastings,MacMarcuis,Male,1992-02-28,751,90,41
Kerry,Pashen,Male,1929-11-21,752,227,256
Dosi,Frier,Female,1953-05-13,753,340,8
Waylon,Glashby,Male,1986-12-05,754,298,272
Korey,Andriveaux,Male,1930-11-27,755,201,84
Lenna,Garvey,Female,1955-02-25,756,281,78
Corinne,McCutheon,Female,2020-10-02,757,1,184
Esme,Vido,Male,1974-07-21,758,129,150
Allister,Monshall,Male,1976-01-11,759,173,37
Jackquelin,Tatchell,Female,1963-11-25,760,323,143
Lauree,Kittoe,Female,1999-11-28,761,231,135
Stan,Molyneux,Male,1982-05-20,762,19,228
Guillema,Stanman,Female,2001-02-19,763,41,125
Dorey,Larmet,Female,1981-07-29,764,125,5
Salvatore,Greson,Male,1934-04-14,765,270,9
Auberon,Walasik,Male,1970-03-23,766,57,194
Jasmin,Eastwell,Female,1957-07-21,767,65,162
Othelia,Rampton,Female,1965-10-26,768,190,212
Matteo,Juszczak,Male,2017-06-11,769,238,60
Rayna,Brittles,Female,1975-03-20,770,279,43
Irma,Styche,Female,1989-06-04,771,342,320
Fionna,Commin,Female,1949-11-30,772,189,82
Jackquelin,Rutigliano,Female,2016-07-26,773,298,161
Bogey,Kearey,Male,1979-02-28,774,288,195
Madelene,Rubega,Female,1925-06-24,775,6,131
Rebecca,Bednall,Female,1959-05-04,776,287,73
Corny,Tubb,Female,1971-05-09,777,319,149
Darsey,Dashkovich,Female,2018-09-06,778,172,46
Poul,Verring,Male,2004-01-29,779,322,301
Elly,Spikeings,Female,1990-09-24,780,345,63
Gigi,Challener,Female,1957-02-23,781,122,316
Salvidor,Clipsham,Male,2004-07-18,782,284,117
Blair,Brewin,Male,1947-05-05,783,122,314
Tibold,Gilcrist,Male,1998-12-23,784,299,255
Garrot,Meric,Male,1984-08-14,785,101,232
Lonni,Summerlee,Female,1943-04-09,786,208,194
Padraig,Syplus,Male,1961-07-13,787,168,205
Merwin,Roath,Male,1942-03-26,788,72,93
Maddy,Eldrett,Male,2020-08-08,789,207,37
Randall,Mussett,Male,1987-10-02,790,8,12
Dewie,Pellamonuten,Male,1959-05-26,791,334,235
Ian,Wyper,Male,1921-02-05,792,158,109
Giacomo,Metcalfe,Male,1923-10-23,793,290,38
Lyndsey,McNern,Female,2004-11-02,794,28,348
Claudelle,Gwinn,Female,1988-12-23,795,171,40
Felicity,Walford,Female,1933-04-30,796,321,295
Gilbertina,Barnwille,Female,1960-06-11,797,177,128
Tuck,Patrono,Male,2002-10-06,798,139,45
Idell,Castelletto,Female,1962-08-25,799,107,355
Neda,Frugier,Female,1958-11-01,800,127,221
Dorene,Entreis,Female,1935-10-13,801,234,127
Kania,Broske,Female,1960-07-12,802,93,133
Kacie,Kippax,Female,1939-05-30,803,92,270
Jessey,Batrick,Male,1953-06-15,804,312,54
Trumaine,Fairclough,Male,1984-01-16,805,133,65
Patricio,MacSharry,Male,1997-02-15,806,43,219
Chucho,Robardet,Male,1967-10-13,807,121,115
Demeter,Race,Female,1950-11-09,808,256,29
Arturo,Vero,Male,1935-05-24,809,274,336
Nikkie,Elcoate,Female,1927-11-12,810,10,150
Ellynn,Bartles,Female,2014-07-01,811,84,233
Jeramey,Dunkerton,Male,1941-02-19,812,38,252
Gypsy,McKeever,Female,1970-11-30,813,320,119
Isac,Last,Male,1966-02-05,814,142,348
Steward,Doyley,Male,1937-05-28,815,283,320
Reeva,Mangeon,Female,1959-06-16,816,190,285
Reinhold,Biaggi,Male,1972-12-24,817,208,272
Tobie,Bover,Male,2002-09-26,818,45,314
Fletcher,Ellwell,Male,1961-09-24,819,258,156
Lutero,McLugish,Male,2010-01-27,820,52,144
Monika,Febry,Female,1988-01-20,821,264,33
Lynda,Saphir,Female,1990-09-27,822,46,194
Gawen,Idle,Male,1974-12-03,823,113,285
Odie,Priter,Male,1951-03-20,824,232,7
Ariadne,Hagergham,Female,1998-12-09,825,53,112
Binky,Dowdell,Male,1990-12-17,826,240,172
Linoel,Strathearn,Male,1987-11-22,827,66,143
Smith,Pach,Male,2002-08-21,828,200,91
Harlene,Pancast,Female,1923-08-25,829,84,105
Jill,Parkeson,Female,1954-05-29,830,123,129
Marianne,Moncrefe,Female,1991-04-19,831,130,298
Kienan,MacCambridge,Male,1979-01-01,832,115,281
Trevar,Bossingham,Male,2006-03-28,833,200,266
Lil,Denisard,Female,1972-06-29,834,237,39
Osmund,Elwill,Male,1984-06-01,835,190,321
Mallissa,Fuxman,Female,1935-12-21,836,260,295
Pamela,Flavelle,Female,1955-10-19,837,232,253
Zitella,McCullum,Female,1972-03-05,838,170,68
Wilt,Gately,Male,1968-11-07,839,13,351
Delmore,Few,Male,1966-04-09,840,142,252
Royce,Scrimgeour,Male,2008-05-06,841,32,9
Quintilla,Stroyan,Female,1941-08-20,842,121,166
Fredrick,Bricket,Male,1946-09-14,843,77,109
Padgett,Ivashov,Male,1938-08-20,844,62,12
Garik,Ginglell,Male,1963-07-17,845,323,304
Janeen,Brolly,Female,1981-07-29,846,128,97
Debera,Donald,Female,1951-02-12,847,41,6
Imelda,Boulsher,Female,2007-10-11,848,42,279
Bryanty,Normanvell,Male,1995-07-21,849,160,87
Ekaterina,MacElholm,Female,1940-06-08,850,162,49
Adams,Cobley,Male,2009-03-11,851,218,324
Josy,Yeaman,Female,1926-12-20,852,246,351
Benedikta,Edwardson,Female,1966-01-23,853,47,321
Fionna,Gildroy,Female,2009-12-26,854,281,282
Archambault,Balffye,Male,1952-01-25,855,315,362
Dennet,Fawdrey,Male,1971-02-10,856,270,88
Reagen,Heeron,Male,1942-06-01,857,293,292
Dodie,Charnick,Female,1996-02-16,858,30,163
Casie,Fulmen,Female,1994-11-17,859,308,214
Jeremie,Tomsa,Male,1928-04-22,860,176,162
Korney,Carn,Female,1983-05-31,861,168,203
Marcella,Gehrts,Female,2017-07-08,862,178,190
Rodolph,Rickesies,Male,1952-12-29,863,190,267
Francis,Born,Male,1977-10-08,864,339,65
Arvie,Gingedale,Male,2005-05-20,865,139,262
Whittaker,Siccombe,Male,1992-08-10,866,195,95
Evelyn,Braine,Male,1925-09-13,867,304,135
Umberto,O'Scanlon,Male,1983-09-12,868,202,135
Marty,Pilgrim,Male,1998-01-22,869,136,316
Granthem,Rraundl,Male,1978-08-20,870,211,302
Shanan,Ingold,Male,1995-01-05,871,350,294
Scot,Huggen,Male,2004-10-29,872,297,124
Ruddie,Iddison,Male,1970-05-18,873,179,140
Adriena,Aggis,Female,2005-11-09,874,304,354
Ofilia,Pasfield,Female,1932-12-14,875,347,364
Gradey,Rives,Male,1998-01-01,876,335,205
Boyce,Barmadier,Male,1925-11-07,877,274,207
Suzy,Lavis,Female,2017-02-01,878,183,334
Barbe,Andriolli,Female,1935-06-04,879,193,162
Cathi,Hows,Female,1929-07-20,880,30,249
Romona,Byram,Female,1995-02-18,881,272,266
Halley,Simenot,Female,1987-03-03,882,128,155
Pippy,Pendre,Female,1966-08-07,883,339,174
Herschel,Lawly,Male,1968-02-13,884,230,219
Lynnell,Crone,Female,1967-09-29,885,32,121
Guillema,Canniffe,Female,1998-11-16,886,185,255
Charlotte,Kiggel,Female,2015-03-18,887,174,342
Woodman,Lisle,Male,1944-05-06,888,350,284
Giselbert,Simao,Male,1933-04-28,889,354,53
Gar,Boyan,Male,1932-04-13,890,144,319
Marmaduke,Triplet,Male,1991-07-10,891,19,213
Barris,Kiehne,Male,1957-08-16,892,75,356
Donia,Trippick,Female,2006-08-02,893,173,207
Mara,Makin,Female,1937-02-06,894,156,6
Gabey,Cassely,Female,1959-03-07,895,329,57
Alexandrina,Ervin,Female,2000-03-03,896,181,135
Laurie,Ward,Male,1968-02-02,897,328,202
Martainn,Osgodby,Male,2004-04-27,898,201,127
Raimund,Treffrey,Male,1977-04-18,899,259,302
Meridel,Ventura,Female,1924-11-20,900,205,307
Ameline,Harburtson,Female,1989-12-28,901,261,196
Leta,Van der Velden,Female,1941-05-29,902,88,196
Gisella,Levesley,Female,1978-04-16,903,274,352
Nancy,Jahnig,Female,1971-06-22,904,122,351
Von,Spackman,Male,1980-12-19,905,126,228
Keeley,Nolder,Female,1936-10-11,906,60,133
Leonid,Bartolozzi,Male,1986-05-22,907,3,249
Rosella,MacCracken,Female,1939-08-08,908,126,198
Cello,Manilove,Male,2000-09-04,909,179,192
Jaquenetta,Wadge,Female,2002-04-03,910,282,154
Lorraine,MacHarg,Female,2011-07-18,911,157,34
Mariann,Voff,Female,2004-03-02,912,297,95
Tybi,Phillcox,Female,2010-02-07,913,295,35
Jacquie,Thexton,Female,1922-01-02,914,32,274
Angel,Greeveson,Female,1981-12-18,915,126,39
Cammie,Norkett,Female,1942-02-22,916,329,231
Collen,Pogg,Female,2001-12-11,917,11,113
Ashbey,Eudall,Male,1965-03-21,918,158,292
Say,Mileham,Male,2018-03-22,919,169,322
Jose,Glencrosche,Male,1962-12-25,920,20,346
Tabatha,Sterling,Female,1961-12-25,921,346,327
Jessamyn,Willets,Female,1950-04-30,922,200,3
Leonora,Larratt,Female,1950-07-01,923,244,52
Elnore,Karpychev,Female,1999-10-12,924,113,42
Yolanda,Jumonet,Female,1975-11-25,925,219,309
Libby,Frenchum,Female,1937-06-30,926,355,303
Kristian,Flea,Male,1984-08-17,927,155,332
Lindie,O'Fihily,Female,1921-02-20,928,72,67
Eliot,Busse,Male,1964-10-12,929,92,222
Stephanus,Weaver,Male,1992-08-28,930,341,164
Yulma,Hawksby,Male,2018-03-03,931,140,22
Ollie,Gheeorghie,Female,1948-07-26,932,25,173
Kellby,Asman,Male,1976-12-06,933,322,143
Hillary,Joynson,Female,1946-08-02,934,22,332
Urbain,Fero,Male,1935-10-28,935,245,167
Madelene,MacIlurick,Female,1982-11-26,936,79,118
Orel,McDonagh,Female,2006-06-22,937,227,106
Vilma,Arrigo,Female,2011-04-24,938,270,0
Mirelle,Batterham,Female,2003-04-20,939,332,153
Elena,Howles,Female,1980-01-05,940,89,94
Louie,Ivanov,Male,1962-12-06,941,184,218
Brett,Dabell,Male,1926-03-19,942,7,306
Coralie,Clackers,Female,1925-06-26,943,251,59
Reiko,Milmith,Female,2018-10-04,944,159,98
Casey,Shobbrook,Female,1935-06-04,945,240,154
Alano,Plover,Male,1938-08-26,946,258,253
Galven,Waterworth,Male,1937-01-28,947,313,233
Olva,Bavester,Female,1970-02-18,948,158,311
Percival,Quirk,Male,2003-04-30,949,302,55
Sherie,Sillis,Female,1937-06-17,950,326,340
Brantley,Stainburn,Male,1993-09-24,951,34,312
Essa,Pilkinton,Female,2000-12-07,952,17,30
Derwin,Coil,Male,1979-10-07,953,91,239
Kare,MacDermid,Female,1944-11-07,954,61,256
Zandra,Pashbee,Female,2020-11-28,955,114,62
Anna-diana,Pales,Female,1936-03-04,956,272,103
Sherilyn,Burtonshaw,Female,1922-07-07,957,231,275
Venita,Tuther,Female,1929-03-17,958,146,18
Irene,Fidgeon,Female,1931-01-30,959,361,162
Branden,Benjefield,Male,2018-07-15,960,333,70
Etan,Lefley,Male,1939-12-21,961,142,231
Dominga,Brettor,Female,2005-05-09,962,326,13
Barry,Chadburn,Female,1980-02-25,963,49,98
Rudd,Crimpe,Male,1987-09-20,964,118,22
Tori,Issitt,Female,1969-10-12,965,217,250
Helen,Pobjay,Female,2014-11-14,966,264,97
Frazer,Spiring,Male,1948-03-18,967,174,306
Donni,Petrolli,Female,2013-08-22,968,312,365
Edgar,Kettell,Male,1933-07-05,969,279,148
Quinton,Guarnier,Male,1947-06-15,970,288,360
Robin,Frankum,Male,1943-01-13,971,7,268
Sebastian,Albers,Male,1987-05-13,972,189,77
Ruthy,Tortoise,Female,2004-12-09,973,228,323
Lorant,Marron,Male,1954-01-19,974,307,157
Issiah,Zorzenoni,Male,1932-09-16,975,365,264
Roshelle,Winham,Female,1951-12-05,976,145,305
Palmer,Aldie,Male,1928-06-26,977,213,122
Akim,Prattington,Male,1924-08-16,978,288,150
Lyman,Shevill,Male,1938-02-03,979,260,362
Thornie,Larcher,Male,1943-12-18,980,356,282
Berkie,Punton,Male,1937-09-07,981,337,236
Rita,Tanguy,Female,1930-01-12,982,96,282
June,de Keyser,Female,2014-07-04,983,309,216
Cicily,Houchen,Female,2014-01-24,984,341,25
Zacharie,Belfield,Male,1973-06-30,985,187,78
Rachele,Trowbridge,Female,1958-12-14,986,337,305
Alex,Enderwick,Female,2015-08-14,987,17,351
Sissy,Wagon,Female,1998-03-04,988,21,153
Garey,Bushen,Male,1925-09-26,989,36,190
Dalston,Lambertini,Male,1931-03-23,990,279,4
Sayres,Lengthorn,Male,1938-05-31,991,243,164
Isac,Stare,Male,1956-02-11,992,196,22
Inglebert,Petzold,Male,1984-08-04,993,224,96
Maure,Haruard,Female,2011-02-21,994,126,34
Hyatt,Benasik,Male,2009-11-08,995,220,229
Jacobo,Elcombe,Male,1976-07-17,996,239,218
Lacie,Corneck,Female,2004-09-21,997,56,86
Ty,Bloss,Male,1965-10-16,998,272,230
Hurlee,Hitschke,Male,1948-07-19,999,145,68
Willis,Ghelardi,Male,1969-08-13,1000,204,260